metric,arm,seed_index,value
aggregate_throughput_mbps,A_hard_static,0,138.70798686125423
aggregate_throughput_mbps,A_hard_static,1,138.90849126995187
aggregate_throughput_mbps,A_hard_static,2,139.06050819433617
aggregate_throughput_mbps,A_hard_static,3,139.0369186297032
aggregate_throughput_mbps,A_hard_static,4,138.9697592850042
aggregate_throughput_mbps,A_hard_static,5,139.11076080655187
aggregate_throughput_mbps,A_hard_static,6,139.18050108023292
aggregate_throughput_mbps,A_hard_static,7,138.6779369194957
aggregate_throughput_mbps,A_hard_static,8,138.84782144964007
aggregate_throughput_mbps,A_hard_static,9,138.37855119512488
aggregate_throughput_mbps,A_hard_static,10,139.16607078985592
aggregate_throughput_mbps,A_hard_static,11,138.11661326761944
aggregate_throughput_mbps,A_hard_static,12,139.03932271095854
aggregate_throughput_mbps,A_hard_static,13,138.63169660674768
aggregate_throughput_mbps,A_hard_static,14,138.8187609838002
aggregate_throughput_mbps,A_hard_static,15,139.24954291733948
aggregate_throughput_mbps,A_hard_static,16,138.81703086239304
aggregate_throughput_mbps,A_hard_static,17,138.75914524427654
aggregate_throughput_mbps,A_hard_static,18,139.17425124594035
aggregate_throughput_mbps,A_hard_static,19,138.42329586245327
aggregate_throughput_mbps,A_hard_static,20,138.99810310882748
aggregate_throughput_mbps,A_hard_static,21,139.11201514739838
aggregate_throughput_mbps,A_hard_static,22,139.13643656558642
aggregate_throughput_mbps,A_hard_static,23,139.3596661117486
aggregate_throughput_mbps,A_hard_static,24,139.27226613455002
aggregate_throughput_mbps,A_hard_static,25,139.12442696146388
aggregate_throughput_mbps,A_hard_static,26,138.80622270634427
aggregate_throughput_mbps,A_hard_static,27,139.16829516185635
aggregate_throughput_mbps,A_hard_static,28,139.05932696511678
aggregate_throughput_mbps,A_hard_static,29,139.1522873898473
aggregate_throughput_mbps,B_soft_pool,0,140.57802068070197
aggregate_throughput_mbps,B_soft_pool,1,140.4550468708594
aggregate_throughput_mbps,B_soft_pool,2,140.53423423732062
aggregate_throughput_mbps,B_soft_pool,3,140.50364014726676
aggregate_throughput_mbps,B_soft_pool,4,140.62405776583788
aggregate_throughput_mbps,B_soft_pool,5,140.61910251126207
aggregate_throughput_mbps,B_soft_pool,6,141.02113133573005
aggregate_throughput_mbps,B_soft_pool,7,140.3744883088457
aggregate_throughput_mbps,B_soft_pool,8,140.58177468183123
aggregate_throughput_mbps,B_soft_pool,9,140.61345507449226
aggregate_throughput_mbps,B_soft_pool,10,140.12588572844308
aggregate_throughput_mbps,B_soft_pool,11,140.4314962828146
aggregate_throughput_mbps,B_soft_pool,12,140.1682679483666
aggregate_throughput_mbps,B_soft_pool,13,140.4740597590014
aggregate_throughput_mbps,B_soft_pool,14,140.43331682720094
aggregate_throughput_mbps,B_soft_pool,15,140.39750320091576
aggregate_throughput_mbps,B_soft_pool,16,140.81540714633218
aggregate_throughput_mbps,B_soft_pool,17,140.41631390746414
aggregate_throughput_mbps,B_soft_pool,18,140.78554915924903
aggregate_throughput_mbps,B_soft_pool,19,141.04718008652495
aggregate_throughput_mbps,B_soft_pool,20,140.18164567691335
aggregate_throughput_mbps,B_soft_pool,21,140.5703710028895
aggregate_throughput_mbps,B_soft_pool,22,140.47680565669404
aggregate_throughput_mbps,B_soft_pool,23,140.8113661512985
aggregate_throughput_mbps,B_soft_pool,24,140.318558671288
aggregate_throughput_mbps,B_soft_pool,25,140.60122185553374
aggregate_throughput_mbps,B_soft_pool,26,140.76711335974548
aggregate_throughput_mbps,B_soft_pool,27,140.735627941661
aggregate_throughput_mbps,B_soft_pool,28,140.75120249780812
aggregate_throughput_mbps,B_soft_pool,29,140.38003023763196
aggregate_throughput_mbps,C_no_medium,0,140.57802068069645
aggregate_throughput_mbps,C_no_medium,1,140.45504687085415
aggregate_throughput_mbps,C_no_medium,2,140.53423423731783
aggregate_throughput_mbps,C_no_medium,3,140.5037508297905
aggregate_throughput_mbps,C_no_medium,4,140.624057765835
aggregate_throughput_mbps,C_no_medium,5,140.6191025112571
aggregate_throughput_mbps,C_no_medium,6,141.02113133572396
aggregate_throughput_mbps,C_no_medium,7,140.37448830884188
aggregate_throughput_mbps,C_no_medium,8,140.58177468182265
aggregate_throughput_mbps,C_no_medium,9,140.6134550744896
aggregate_throughput_mbps,C_no_medium,10,140.12588572843748
aggregate_throughput_mbps,C_no_medium,11,140.43149628281094
aggregate_throughput_mbps,C_no_medium,12,140.16864321522576
aggregate_throughput_mbps,C_no_medium,13,140.47405975899434
aggregate_throughput_mbps,C_no_medium,14,140.43331682719628
aggregate_throughput_mbps,C_no_medium,15,140.3975032009103
aggregate_throughput_mbps,C_no_medium,16,140.81540714632618
aggregate_throughput_mbps,C_no_medium,17,140.4163139074596
aggregate_throughput_mbps,C_no_medium,18,140.7855491592416
aggregate_throughput_mbps,C_no_medium,19,141.04718008652392
aggregate_throughput_mbps,C_no_medium,20,140.18164567690684
aggregate_throughput_mbps,C_no_medium,21,140.570371002885
aggregate_throughput_mbps,C_no_medium,22,140.4768056566883
aggregate_throughput_mbps,C_no_medium,23,140.81136615129583
aggregate_throughput_mbps,C_no_medium,24,140.31855867127953
aggregate_throughput_mbps,C_no_medium,25,140.60122185552677
aggregate_throughput_mbps,C_no_medium,26,140.7671133597377
aggregate_throughput_mbps,C_no_medium,27,140.73562794165264
aggregate_throughput_mbps,C_no_medium,28,140.75120249779755
aggregate_throughput_mbps,C_no_medium,29,140.38003023762406
aggregate_throughput_mbps,D_no_slow,0,137.87835137244838
aggregate_throughput_mbps,D_no_slow,1,138.067986236772
aggregate_throughput_mbps,D_no_slow,2,134.23193134194563
aggregate_throughput_mbps,D_no_slow,3,133.96054199168813
aggregate_throughput_mbps,D_no_slow,4,138.02505446370586
aggregate_throughput_mbps,D_no_slow,5,140.20414191265212
aggregate_throughput_mbps,D_no_slow,6,138.54431541919567
aggregate_throughput_mbps,D_no_slow,7,133.85227825795639
aggregate_throughput_mbps,D_no_slow,8,134.13856702533366
aggregate_throughput_mbps,D_no_slow,9,140.23550903989906
aggregate_throughput_mbps,D_no_slow,10,139.78463396626685
aggregate_throughput_mbps,D_no_slow,11,137.56414503930282
aggregate_throughput_mbps,D_no_slow,12,139.75759395776683
aggregate_throughput_mbps,D_no_slow,13,137.61441796009888
aggregate_throughput_mbps,D_no_slow,14,137.8896308655763
aggregate_throughput_mbps,D_no_slow,15,138.1379557087495
aggregate_throughput_mbps,D_no_slow,16,137.974789768013
aggregate_throughput_mbps,D_no_slow,17,137.84616789550992
aggregate_throughput_mbps,D_no_slow,18,134.61969160473618
aggregate_throughput_mbps,D_no_slow,19,138.0209498661501
aggregate_throughput_mbps,D_no_slow,20,133.89688332196465
aggregate_throughput_mbps,D_no_slow,21,140.24143089279795
aggregate_throughput_mbps,D_no_slow,22,138.05639124610013
aggregate_throughput_mbps,D_no_slow,23,138.1918880890657
aggregate_throughput_mbps,D_no_slow,24,140.0200052788855
aggregate_throughput_mbps,D_no_slow,25,140.11996567797183
aggregate_throughput_mbps,D_no_slow,26,140.2047656155004
aggregate_throughput_mbps,D_no_slow,27,138.1890050588106
aggregate_throughput_mbps,D_no_slow,28,138.27686214810163
aggregate_throughput_mbps,D_no_slow,29,140.07527371710233
aggregate_throughput_mbps,E_full_umro,0,140.57802068069518
aggregate_throughput_mbps,E_full_umro,1,140.45504687085466
aggregate_throughput_mbps,E_full_umro,2,140.53423423731638
aggregate_throughput_mbps,E_full_umro,3,138.37723641017143
aggregate_throughput_mbps,E_full_umro,4,138.49643367138822
aggregate_throughput_mbps,E_full_umro,5,140.61910251125798
aggregate_throughput_mbps,E_full_umro,6,141.0211313357257
aggregate_throughput_mbps,E_full_umro,7,138.10786320019608
aggregate_throughput_mbps,E_full_umro,8,140.58177468182083
aggregate_throughput_mbps,E_full_umro,9,138.42901749600725
aggregate_throughput_mbps,E_full_umro,10,140.12588572843543
aggregate_throughput_mbps,E_full_umro,11,140.4314962828113
aggregate_throughput_mbps,E_full_umro,12,140.16864321522698
aggregate_throughput_mbps,E_full_umro,13,140.47405975899386
aggregate_throughput_mbps,E_full_umro,14,140.4333168271966
aggregate_throughput_mbps,E_full_umro,15,140.39750320090982
aggregate_throughput_mbps,E_full_umro,16,138.45030579751474
aggregate_throughput_mbps,E_full_umro,17,140.41631390745823
aggregate_throughput_mbps,E_full_umro,18,140.78554915924065
aggregate_throughput_mbps,E_full_umro,19,138.48380770014055
aggregate_throughput_mbps,E_full_umro,20,140.1816456769084
aggregate_throughput_mbps,E_full_umro,21,140.57037100288463
aggregate_throughput_mbps,E_full_umro,22,140.4768056566875
aggregate_throughput_mbps,E_full_umro,23,140.81136615129685
aggregate_throughput_mbps,E_full_umro,24,140.31855867127936
aggregate_throughput_mbps,E_full_umro,25,140.60122185552746
aggregate_throughput_mbps,E_full_umro,26,140.76711335973786
aggregate_throughput_mbps,E_full_umro,27,140.7356279416519
aggregate_throughput_mbps,E_full_umro,28,140.75120249779766
aggregate_throughput_mbps,E_full_umro,29,140.38003023762408
prb_utilisation,A_hard_static,0,0.5642864779874214
prb_utilisation,A_hard_static,1,0.5614932389937107
prb_utilisation,A_hard_static,2,0.5586816037735849
prb_utilisation,A_hard_static,3,0.5613937893081761
prb_utilisation,A_hard_static,4,0.5586989779874214
prb_utilisation,A_hard_static,5,0.5603472484276729
prb_utilisation,A_hard_static,6,0.56048356918239
prb_utilisation,A_hard_static,7,0.5601139150943396
prb_utilisation,A_hard_static,8,0.5589011006289308
prb_utilisation,A_hard_static,9,0.563212893081761
prb_utilisation,A_hard_static,10,0.558790644654088
prb_utilisation,A_hard_static,11,0.5635946540880503
prb_utilisation,A_hard_static,12,0.5581878144654088
prb_utilisation,A_hard_static,13,0.5749650157232704
prb_utilisation,A_hard_static,14,0.5604208333333334
prb_utilisation,A_hard_static,15,0.5593426100628931
prb_utilisation,A_hard_static,16,0.5611557389937107
prb_utilisation,A_hard_static,17,0.560217216981132
prb_utilisation,A_hard_static,18,0.5576312893081761
prb_utilisation,A_hard_static,19,0.5600123427672956
prb_utilisation,A_hard_static,20,0.5585977201257861
prb_utilisation,A_hard_static,21,0.564643789308176
prb_utilisation,A_hard_static,22,0.5596511006289309
prb_utilisation,A_hard_static,23,0.5604018867924528
prb_utilisation,A_hard_static,24,0.5594191823899372
prb_utilisation,A_hard_static,25,0.5580022798742138
prb_utilisation,A_hard_static,26,0.5599666666666666
prb_utilisation,A_hard_static,27,0.5576268867924529
prb_utilisation,A_hard_static,28,0.5581845911949685
prb_utilisation,A_hard_static,29,0.5616016509433962
prb_utilisation,B_soft_pool,0,0.5855802672955975
prb_utilisation,B_soft_pool,1,0.5784316823899371
prb_utilisation,B_soft_pool,2,0.577523820754717
prb_utilisation,B_soft_pool,3,0.581003537735849
prb_utilisation,B_soft_pool,4,0.578899213836478
prb_utilisation,B_soft_pool,5,0.5785449685534592
prb_utilisation,B_soft_pool,6,0.5780434748427673
prb_utilisation,B_soft_pool,7,0.5805776729559748
prb_utilisation,B_soft_pool,8,0.5792404874213837
prb_utilisation,B_soft_pool,9,0.5894955188679245
prb_utilisation,B_soft_pool,10,0.5722857704402515
prb_utilisation,B_soft_pool,11,0.5930461477987421
prb_utilisation,B_soft_pool,12,0.5742791666666667
prb_utilisation,B_soft_pool,13,0.5941661163522013
prb_utilisation,B_soft_pool,14,0.5802330188679246
prb_utilisation,B_soft_pool,15,0.5735955974842767
prb_utilisation,B_soft_pool,16,0.5832125786163522
prb_utilisation,B_soft_pool,17,0.5810938679245283
prb_utilisation,B_soft_pool,18,0.5740858490566038
prb_utilisation,B_soft_pool,19,0.5881866352201258
prb_utilisation,B_soft_pool,20,0.5734513364779874
prb_utilisation,B_soft_pool,21,0.5810555817610062
prb_utilisation,B_soft_pool,22,0.5762090408805032
prb_utilisation,B_soft_pool,23,0.5763613993710692
prb_utilisation,B_soft_pool,24,0.5736326257861635
prb_utilisation,B_soft_pool,25,0.5748363993710692
prb_utilisation,B_soft_pool,26,0.5836699685534591
prb_utilisation,B_soft_pool,27,0.5745378144654089
prb_utilisation,B_soft_pool,28,0.5770692610062893
prb_utilisation,B_soft_pool,29,0.576818003144654
prb_utilisation,C_no_medium,0,0.5936117924528301
prb_utilisation,C_no_medium,1,0.5856244496855346
prb_utilisation,C_no_medium,2,0.5847003144654088
prb_utilisation,C_no_medium,3,0.587947248427673
prb_utilisation,C_no_medium,4,0.5863125
prb_utilisation,C_no_medium,5,0.5864087264150943
prb_utilisation,C_no_medium,6,0.5845606132075472
prb_utilisation,C_no_medium,7,0.5893676886792453
prb_utilisation,C_no_medium,8,0.5872557389937106
prb_utilisation,C_no_medium,9,0.5968121069182389
prb_utilisation,C_no_medium,10,0.5792724842767295
prb_utilisation,C_no_medium,11,0.5999629716981132
prb_utilisation,C_no_medium,12,0.5821317610062893
prb_utilisation,C_no_medium,13,0.6021042452830189
prb_utilisation,C_no_medium,14,0.588173820754717
prb_utilisation,C_no_medium,15,0.5799036163522012
prb_utilisation,C_no_medium,16,0.5916915880503145
prb_utilisation,C_no_medium,17,0.589639858490566
prb_utilisation,C_no_medium,18,0.5805713836477987
prb_utilisation,C_no_medium,19,0.5956889150943396
prb_utilisation,C_no_medium,20,0.5802040880503144
prb_utilisation,C_no_medium,21,0.5886958333333333
prb_utilisation,C_no_medium,22,0.5834297955974843
prb_utilisation,C_no_medium,23,0.5817688679245283
prb_utilisation,C_no_medium,24,0.5797066823899371
prb_utilisation,C_no_medium,25,0.5822373427672956
prb_utilisation,C_no_medium,26,0.5932324685534591
prb_utilisation,C_no_medium,27,0.581833962264151
prb_utilisation,C_no_medium,28,0.5851368710691824
prb_utilisation,C_no_medium,29,0.5836681603773585
prb_utilisation,D_no_slow,0,0.5770087264150944
prb_utilisation,D_no_slow,1,0.5704244496855346
prb_utilisation,D_no_slow,2,0.5490224842767295
prb_utilisation,D_no_slow,3,0.5506735062893082
prb_utilisation,D_no_slow,4,0.5701993710691824
prb_utilisation,D_no_slow,5,0.5801514937106919
prb_utilisation,D_no_slow,6,0.5704236635220126
prb_utilisation,D_no_slow,7,0.5515821540880503
prb_utilisation,D_no_slow,8,0.5502134433962265
prb_utilisation,D_no_slow,9,0.5889764150943396
prb_utilisation,D_no_slow,10,0.5741273584905661
prb_utilisation,D_no_slow,11,0.5835193396226415
prb_utilisation,D_no_slow,12,0.5758496069182389
prb_utilisation,D_no_slow,13,0.5861889937106918
prb_utilisation,D_no_slow,14,0.5726536949685535
prb_utilisation,D_no_slow,15,0.5667381289308177
prb_utilisation,D_no_slow,16,0.5743900157232704
prb_utilisation,D_no_slow,17,0.5740213836477988
prb_utilisation,D_no_slow,18,0.5476727987421384
prb_utilisation,D_no_slow,19,0.5770466981132075
prb_utilisation,D_no_slow,20,0.5462044811320754
prb_utilisation,D_no_slow,21,0.5832417452830189
prb_utilisation,D_no_slow,22,0.5687941037735849
prb_utilisation,D_no_slow,23,0.5675238993710692
prb_utilisation,D_no_slow,24,0.5750838836477987
prb_utilisation,D_no_slow,25,0.5760360062893082
prb_utilisation,D_no_slow,26,0.5842812893081761
prb_utilisation,D_no_slow,27,0.567260534591195
prb_utilisation,D_no_slow,28,0.570551179245283
prb_utilisation,D_no_slow,29,0.578786713836478
prb_utilisation,E_full_umro,0,0.593512106918239
prb_utilisation,E_full_umro,1,0.5855744496855346
prb_utilisation,E_full_umro,2,0.5849196540880504
prb_utilisation,E_full_umro,3,0.5715054245283019
prb_utilisation,E_full_umro,4,0.569525393081761
prb_utilisation,E_full_umro,5,0.5863578616352201
prb_utilisation,E_full_umro,6,0.5844671383647799
prb_utilisation,E_full_umro,7,0.5716766509433963
prb_utilisation,E_full_umro,8,0.58739606918239
prb_utilisation,E_full_umro,9,0.5787757075471698
prb_utilisation,E_full_umro,10,0.5791928459119496
prb_utilisation,E_full_umro,11,0.6001360062893082
prb_utilisation,E_full_umro,12,0.5818921383647798
prb_utilisation,E_full_umro,13,0.6012705188679245
prb_utilisation,E_full_umro,14,0.5884367924528302
prb_utilisation,E_full_umro,15,0.5801534591194969
prb_utilisation,E_full_umro,16,0.5734863993710692
prb_utilisation,E_full_umro,17,0.5891010220125786
prb_utilisation,E_full_umro,18,0.5805717767295597
prb_utilisation,E_full_umro,19,0.5760485062893081
prb_utilisation,E_full_umro,20,0.5796577044025157
prb_utilisation,E_full_umro,21,0.5876785377358491
prb_utilisation,E_full_umro,22,0.5837086477987421
prb_utilisation,E_full_umro,23,0.58191643081761
prb_utilisation,E_full_umro,24,0.5798436320754717
prb_utilisation,E_full_umro,25,0.5820044811320755
prb_utilisation,E_full_umro,26,0.5928271226415094
prb_utilisation,E_full_umro,27,0.5817924528301887
prb_utilisation,E_full_umro,28,0.5851034591194969
prb_utilisation,E_full_umro,29,0.5838997641509434
urllc_violation_prob,A_hard_static,0,2.5e-05
urllc_violation_prob,A_hard_static,1,0.0
urllc_violation_prob,A_hard_static,2,8.333333333333334e-06
urllc_violation_prob,A_hard_static,3,3.3333333333333335e-05
urllc_violation_prob,A_hard_static,4,0.0
urllc_violation_prob,A_hard_static,5,0.0
urllc_violation_prob,A_hard_static,6,0.0
urllc_violation_prob,A_hard_static,7,0.0
urllc_violation_prob,A_hard_static,8,1.6666666666666667e-05
urllc_violation_prob,A_hard_static,9,0.0
urllc_violation_prob,A_hard_static,10,0.0
urllc_violation_prob,A_hard_static,11,6.666666666666667e-05
urllc_violation_prob,A_hard_static,12,0.0
urllc_violation_prob,A_hard_static,13,0.00038333333333333334
urllc_violation_prob,A_hard_static,14,9.166666666666667e-05
urllc_violation_prob,A_hard_static,15,2.5e-05
urllc_violation_prob,A_hard_static,16,8.333333333333334e-06
urllc_violation_prob,A_hard_static,17,8.333333333333334e-06
urllc_violation_prob,A_hard_static,18,1.6666666666666667e-05
urllc_violation_prob,A_hard_static,19,0.0
urllc_violation_prob,A_hard_static,20,0.0
urllc_violation_prob,A_hard_static,21,8.333333333333333e-05
urllc_violation_prob,A_hard_static,22,0.0
urllc_violation_prob,A_hard_static,23,1.6666666666666667e-05
urllc_violation_prob,A_hard_static,24,3.3333333333333335e-05
urllc_violation_prob,A_hard_static,25,0.0
urllc_violation_prob,A_hard_static,26,0.0
urllc_violation_prob,A_hard_static,27,0.0
urllc_violation_prob,A_hard_static,28,0.0
urllc_violation_prob,A_hard_static,29,1.6666666666666667e-05
urllc_violation_prob,B_soft_pool,0,0.0011833333333333333
urllc_violation_prob,B_soft_pool,1,0.003266666666666667
urllc_violation_prob,B_soft_pool,2,0.0006083333333333333
urllc_violation_prob,B_soft_pool,3,0.0010833333333333333
urllc_violation_prob,B_soft_pool,4,7.5e-05
urllc_violation_prob,B_soft_pool,5,0.0009833333333333332
urllc_violation_prob,B_soft_pool,6,0.0011833333333333333
urllc_violation_prob,B_soft_pool,7,0.0015
urllc_violation_prob,B_soft_pool,8,0.000875
urllc_violation_prob,B_soft_pool,9,0.0009833333333333332
urllc_violation_prob,B_soft_pool,10,0.0014583333333333334
urllc_violation_prob,B_soft_pool,11,0.0007
urllc_violation_prob,B_soft_pool,12,0.000325
urllc_violation_prob,B_soft_pool,13,0.03240833333333333
urllc_violation_prob,B_soft_pool,14,0.000525
urllc_violation_prob,B_soft_pool,15,0.0006416666666666667
urllc_violation_prob,B_soft_pool,16,0.00024166666666666667
urllc_violation_prob,B_soft_pool,17,0.00048333333333333334
urllc_violation_prob,B_soft_pool,18,0.0009916666666666667
urllc_violation_prob,B_soft_pool,19,0.0005166666666666667
urllc_violation_prob,B_soft_pool,20,0.0008583333333333333
urllc_violation_prob,B_soft_pool,21,0.004825
urllc_violation_prob,B_soft_pool,22,0.0014416666666666666
urllc_violation_prob,B_soft_pool,23,0.0021666666666666666
urllc_violation_prob,B_soft_pool,24,0.001075
urllc_violation_prob,B_soft_pool,25,0.0009
urllc_violation_prob,B_soft_pool,26,0.000625
urllc_violation_prob,B_soft_pool,27,0.00040833333333333336
urllc_violation_prob,B_soft_pool,28,0.00175
urllc_violation_prob,B_soft_pool,29,0.00135
urllc_violation_prob,C_no_medium,0,0.029275
urllc_violation_prob,C_no_medium,1,0.056058333333333335
urllc_violation_prob,C_no_medium,2,0.017433333333333332
urllc_violation_prob,C_no_medium,3,0.020516666666666666
urllc_violation_prob,C_no_medium,4,0.007358333333333333
urllc_violation_prob,C_no_medium,5,0.015783333333333333
urllc_violation_prob,C_no_medium,6,0.019091666666666667
urllc_violation_prob,C_no_medium,7,0.016183333333333334
urllc_violation_prob,C_no_medium,8,0.016216666666666667
urllc_violation_prob,C_no_medium,9,0.0148
urllc_violation_prob,C_no_medium,10,0.018075
urllc_violation_prob,C_no_medium,11,0.011466666666666667
urllc_violation_prob,C_no_medium,12,0.009825
urllc_violation_prob,C_no_medium,13,0.15070833333333333
urllc_violation_prob,C_no_medium,14,0.015408333333333333
urllc_violation_prob,C_no_medium,15,0.014816666666666667
urllc_violation_prob,C_no_medium,16,0.005216666666666666
urllc_violation_prob,C_no_medium,17,0.007683333333333334
urllc_violation_prob,C_no_medium,18,0.010516666666666667
urllc_violation_prob,C_no_medium,19,0.014083333333333333
urllc_violation_prob,C_no_medium,20,0.009008333333333333
urllc_violation_prob,C_no_medium,21,0.04314166666666667
urllc_violation_prob,C_no_medium,22,0.016233333333333332
urllc_violation_prob,C_no_medium,23,0.017425
urllc_violation_prob,C_no_medium,24,0.016475
urllc_violation_prob,C_no_medium,25,0.017383333333333334
urllc_violation_prob,C_no_medium,26,0.019333333333333334
urllc_violation_prob,C_no_medium,27,0.008
urllc_violation_prob,C_no_medium,28,0.0156
urllc_violation_prob,C_no_medium,29,0.017783333333333335
urllc_violation_prob,D_no_slow,0,4.1666666666666665e-05
urllc_violation_prob,D_no_slow,1,2.5e-05
urllc_violation_prob,D_no_slow,2,8.333333333333334e-06
urllc_violation_prob,D_no_slow,3,3.3333333333333335e-05
urllc_violation_prob,D_no_slow,4,0.0
urllc_violation_prob,D_no_slow,5,0.0
urllc_violation_prob,D_no_slow,6,0.0
urllc_violation_prob,D_no_slow,7,0.0
urllc_violation_prob,D_no_slow,8,8.333333333333334e-06
urllc_violation_prob,D_no_slow,9,0.0
urllc_violation_prob,D_no_slow,10,0.0
urllc_violation_prob,D_no_slow,11,9.166666666666667e-05
urllc_violation_prob,D_no_slow,12,0.0
urllc_violation_prob,D_no_slow,13,0.000525
urllc_violation_prob,D_no_slow,14,0.00010833333333333333
urllc_violation_prob,D_no_slow,15,4.1666666666666665e-05
urllc_violation_prob,D_no_slow,16,8.333333333333334e-06
urllc_violation_prob,D_no_slow,17,1.6666666666666667e-05
urllc_violation_prob,D_no_slow,18,0.0
urllc_violation_prob,D_no_slow,19,0.0
urllc_violation_prob,D_no_slow,20,0.0
urllc_violation_prob,D_no_slow,21,0.00020833333333333335
urllc_violation_prob,D_no_slow,22,8.333333333333334e-06
urllc_violation_prob,D_no_slow,23,2.5e-05
urllc_violation_prob,D_no_slow,24,3.3333333333333335e-05
urllc_violation_prob,D_no_slow,25,0.0
urllc_violation_prob,D_no_slow,26,0.0
urllc_violation_prob,D_no_slow,27,0.0
urllc_violation_prob,D_no_slow,28,0.0
urllc_violation_prob,D_no_slow,29,1.6666666666666667e-05
urllc_violation_prob,E_full_umro,0,0.00019166666666666667
urllc_violation_prob,E_full_umro,1,0.0007333333333333333
urllc_violation_prob,E_full_umro,2,8.333333333333334e-06
urllc_violation_prob,E_full_umro,3,3.3333333333333335e-05
urllc_violation_prob,E_full_umro,4,0.0
urllc_violation_prob,E_full_umro,5,0.00020833333333333335
urllc_violation_prob,E_full_umro,6,0.0003083333333333333
urllc_violation_prob,E_full_umro,7,0.0
urllc_violation_prob,E_full_umro,8,0.00010833333333333333
urllc_violation_prob,E_full_umro,9,0.0
urllc_violation_prob,E_full_umro,10,1.6666666666666667e-05
urllc_violation_prob,E_full_umro,11,0.00010833333333333333
urllc_violation_prob,E_full_umro,12,5.833333333333333e-05
urllc_violation_prob,E_full_umro,13,0.031341666666666664
urllc_violation_prob,E_full_umro,14,0.00015833333333333332
urllc_violation_prob,E_full_umro,15,4.1666666666666665e-05
urllc_violation_prob,E_full_umro,16,8.333333333333334e-06
urllc_violation_prob,E_full_umro,17,0.000125
urllc_violation_prob,E_full_umro,18,0.00025
urllc_violation_prob,E_full_umro,19,0.0
urllc_violation_prob,E_full_umro,20,1.6666666666666667e-05
urllc_violation_prob,E_full_umro,21,0.00025
urllc_violation_prob,E_full_umro,22,0.00013333333333333334
urllc_violation_prob,E_full_umro,23,0.0005833333333333334
urllc_violation_prob,E_full_umro,24,0.00015833333333333332
urllc_violation_prob,E_full_umro,25,5e-05
urllc_violation_prob,E_full_umro,26,5e-05
urllc_violation_prob,E_full_umro,27,2.5e-05
urllc_violation_prob,E_full_umro,28,0.0004333333333333333
urllc_violation_prob,E_full_umro,29,0.00018333333333333334
urllc_e2e_violation_prob,A_hard_static,0,0.0
urllc_e2e_violation_prob,A_hard_static,1,0.0
urllc_e2e_violation_prob,A_hard_static,2,0.0
urllc_e2e_violation_prob,A_hard_static,3,0.0
urllc_e2e_violation_prob,A_hard_static,4,0.0
urllc_e2e_violation_prob,A_hard_static,5,0.0
urllc_e2e_violation_prob,A_hard_static,6,0.0
urllc_e2e_violation_prob,A_hard_static,7,0.0
urllc_e2e_violation_prob,A_hard_static,8,0.0
urllc_e2e_violation_prob,A_hard_static,9,0.0
urllc_e2e_violation_prob,A_hard_static,10,0.0
urllc_e2e_violation_prob,A_hard_static,11,0.0
urllc_e2e_violation_prob,A_hard_static,12,0.0
urllc_e2e_violation_prob,A_hard_static,13,0.0
urllc_e2e_violation_prob,A_hard_static,14,0.0
urllc_e2e_violation_prob,A_hard_static,15,0.0
urllc_e2e_violation_prob,A_hard_static,16,0.0
urllc_e2e_violation_prob,A_hard_static,17,0.0
urllc_e2e_violation_prob,A_hard_static,18,0.0
urllc_e2e_violation_prob,A_hard_static,19,0.0
urllc_e2e_violation_prob,A_hard_static,20,0.0
urllc_e2e_violation_prob,A_hard_static,21,0.0
urllc_e2e_violation_prob,A_hard_static,22,0.0
urllc_e2e_violation_prob,A_hard_static,23,0.0
urllc_e2e_violation_prob,A_hard_static,24,0.0
urllc_e2e_violation_prob,A_hard_static,25,0.0
urllc_e2e_violation_prob,A_hard_static,26,0.0
urllc_e2e_violation_prob,A_hard_static,27,0.0
urllc_e2e_violation_prob,A_hard_static,28,0.0
urllc_e2e_violation_prob,A_hard_static,29,0.0
urllc_e2e_violation_prob,B_soft_pool,0,0.0
urllc_e2e_violation_prob,B_soft_pool,1,0.0
urllc_e2e_violation_prob,B_soft_pool,2,0.0
urllc_e2e_violation_prob,B_soft_pool,3,0.0
urllc_e2e_violation_prob,B_soft_pool,4,0.0
urllc_e2e_violation_prob,B_soft_pool,5,0.0
urllc_e2e_violation_prob,B_soft_pool,6,0.0
urllc_e2e_violation_prob,B_soft_pool,7,0.0
urllc_e2e_violation_prob,B_soft_pool,8,0.0
urllc_e2e_violation_prob,B_soft_pool,9,0.0
urllc_e2e_violation_prob,B_soft_pool,10,0.0
urllc_e2e_violation_prob,B_soft_pool,11,0.0
urllc_e2e_violation_prob,B_soft_pool,12,0.0
urllc_e2e_violation_prob,B_soft_pool,13,0.0
urllc_e2e_violation_prob,B_soft_pool,14,0.0
urllc_e2e_violation_prob,B_soft_pool,15,0.0
urllc_e2e_violation_prob,B_soft_pool,16,0.0
urllc_e2e_violation_prob,B_soft_pool,17,0.0
urllc_e2e_violation_prob,B_soft_pool,18,0.0
urllc_e2e_violation_prob,B_soft_pool,19,0.0
urllc_e2e_violation_prob,B_soft_pool,20,0.0
urllc_e2e_violation_prob,B_soft_pool,21,0.0
urllc_e2e_violation_prob,B_soft_pool,22,0.0
urllc_e2e_violation_prob,B_soft_pool,23,0.0
urllc_e2e_violation_prob,B_soft_pool,24,0.0
urllc_e2e_violation_prob,B_soft_pool,25,0.0
urllc_e2e_violation_prob,B_soft_pool,26,0.0
urllc_e2e_violation_prob,B_soft_pool,27,0.0
urllc_e2e_violation_prob,B_soft_pool,28,0.0
urllc_e2e_violation_prob,B_soft_pool,29,0.0
urllc_e2e_violation_prob,C_no_medium,0,0.0
urllc_e2e_violation_prob,C_no_medium,1,0.0001
urllc_e2e_violation_prob,C_no_medium,2,0.0
urllc_e2e_violation_prob,C_no_medium,3,0.0
urllc_e2e_violation_prob,C_no_medium,4,0.0
urllc_e2e_violation_prob,C_no_medium,5,0.0
urllc_e2e_violation_prob,C_no_medium,6,0.0
urllc_e2e_violation_prob,C_no_medium,7,0.0
urllc_e2e_violation_prob,C_no_medium,8,0.0
urllc_e2e_violation_prob,C_no_medium,9,0.0
urllc_e2e_violation_prob,C_no_medium,10,0.0
urllc_e2e_violation_prob,C_no_medium,11,0.0
urllc_e2e_violation_prob,C_no_medium,12,0.0
urllc_e2e_violation_prob,C_no_medium,13,0.138675
urllc_e2e_violation_prob,C_no_medium,14,0.0
urllc_e2e_violation_prob,C_no_medium,15,0.0
urllc_e2e_violation_prob,C_no_medium,16,0.0
urllc_e2e_violation_prob,C_no_medium,17,0.0
urllc_e2e_violation_prob,C_no_medium,18,0.0
urllc_e2e_violation_prob,C_no_medium,19,0.0
urllc_e2e_violation_prob,C_no_medium,20,0.0
urllc_e2e_violation_prob,C_no_medium,21,0.0
urllc_e2e_violation_prob,C_no_medium,22,0.0
urllc_e2e_violation_prob,C_no_medium,23,0.0
urllc_e2e_violation_prob,C_no_medium,24,0.0
urllc_e2e_violation_prob,C_no_medium,25,0.0
urllc_e2e_violation_prob,C_no_medium,26,0.0
urllc_e2e_violation_prob,C_no_medium,27,0.0
urllc_e2e_violation_prob,C_no_medium,28,0.0
urllc_e2e_violation_prob,C_no_medium,29,0.0
urllc_e2e_violation_prob,D_no_slow,0,0.0
urllc_e2e_violation_prob,D_no_slow,1,0.0
urllc_e2e_violation_prob,D_no_slow,2,0.0
urllc_e2e_violation_prob,D_no_slow,3,0.0
urllc_e2e_violation_prob,D_no_slow,4,0.0
urllc_e2e_violation_prob,D_no_slow,5,0.0
urllc_e2e_violation_prob,D_no_slow,6,0.0
urllc_e2e_violation_prob,D_no_slow,7,0.0
urllc_e2e_violation_prob,D_no_slow,8,0.0
urllc_e2e_violation_prob,D_no_slow,9,0.0
urllc_e2e_violation_prob,D_no_slow,10,0.0
urllc_e2e_violation_prob,D_no_slow,11,0.0
urllc_e2e_violation_prob,D_no_slow,12,0.0
urllc_e2e_violation_prob,D_no_slow,13,0.0
urllc_e2e_violation_prob,D_no_slow,14,0.0
urllc_e2e_violation_prob,D_no_slow,15,0.0
urllc_e2e_violation_prob,D_no_slow,16,0.0
urllc_e2e_violation_prob,D_no_slow,17,0.0
urllc_e2e_violation_prob,D_no_slow,18,0.0
urllc_e2e_violation_prob,D_no_slow,19,0.0
urllc_e2e_violation_prob,D_no_slow,20,0.0
urllc_e2e_violation_prob,D_no_slow,21,0.0
urllc_e2e_violation_prob,D_no_slow,22,0.0
urllc_e2e_violation_prob,D_no_slow,23,0.0
urllc_e2e_violation_prob,D_no_slow,24,0.0
urllc_e2e_violation_prob,D_no_slow,25,0.0
urllc_e2e_violation_prob,D_no_slow,26,0.0
urllc_e2e_violation_prob,D_no_slow,27,0.0
urllc_e2e_violation_prob,D_no_slow,28,0.0
urllc_e2e_violation_prob,D_no_slow,29,0.0
urllc_e2e_violation_prob,E_full_umro,0,0.0
urllc_e2e_violation_prob,E_full_umro,1,0.0
urllc_e2e_violation_prob,E_full_umro,2,0.0
urllc_e2e_violation_prob,E_full_umro,3,0.0
urllc_e2e_violation_prob,E_full_umro,4,0.0
urllc_e2e_violation_prob,E_full_umro,5,0.0
urllc_e2e_violation_prob,E_full_umro,6,0.0
urllc_e2e_violation_prob,E_full_umro,7,0.0
urllc_e2e_violation_prob,E_full_umro,8,0.0
urllc_e2e_violation_prob,E_full_umro,9,0.0
urllc_e2e_violation_prob,E_full_umro,10,0.0
urllc_e2e_violation_prob,E_full_umro,11,0.0
urllc_e2e_violation_prob,E_full_umro,12,0.0
urllc_e2e_violation_prob,E_full_umro,13,0.0
urllc_e2e_violation_prob,E_full_umro,14,0.0
urllc_e2e_violation_prob,E_full_umro,15,0.0
urllc_e2e_violation_prob,E_full_umro,16,0.0
urllc_e2e_violation_prob,E_full_umro,17,0.0
urllc_e2e_violation_prob,E_full_umro,18,0.0
urllc_e2e_violation_prob,E_full_umro,19,0.0
urllc_e2e_violation_prob,E_full_umro,20,0.0
urllc_e2e_violation_prob,E_full_umro,21,0.0
urllc_e2e_violation_prob,E_full_umro,22,0.0
urllc_e2e_violation_prob,E_full_umro,23,0.0
urllc_e2e_violation_prob,E_full_umro,24,0.0
urllc_e2e_violation_prob,E_full_umro,25,0.0
urllc_e2e_violation_prob,E_full_umro,26,0.0
urllc_e2e_violation_prob,E_full_umro,27,0.0
urllc_e2e_violation_prob,E_full_umro,28,0.0
urllc_e2e_violation_prob,E_full_umro,29,0.0
sla_satisfaction_rate,A_hard_static,0,0.25333333333333335
sla_satisfaction_rate,A_hard_static,1,0.20166666666666666
sla_satisfaction_rate,A_hard_static,2,0.22166666666666668
sla_satisfaction_rate,A_hard_static,3,0.23333333333333334
sla_satisfaction_rate,A_hard_static,4,0.21166666666666667
sla_satisfaction_rate,A_hard_static,5,0.21833333333333332
sla_satisfaction_rate,A_hard_static,6,0.22666666666666666
sla_satisfaction_rate,A_hard_static,7,0.20666666666666667
sla_satisfaction_rate,A_hard_static,8,0.21
sla_satisfaction_rate,A_hard_static,9,0.205
sla_satisfaction_rate,A_hard_static,10,0.24333333333333335
sla_satisfaction_rate,A_hard_static,11,0.20166666666666666
sla_satisfaction_rate,A_hard_static,12,0.22666666666666666
sla_satisfaction_rate,A_hard_static,13,0.20833333333333334
sla_satisfaction_rate,A_hard_static,14,0.215
sla_satisfaction_rate,A_hard_static,15,0.22166666666666668
sla_satisfaction_rate,A_hard_static,16,0.205
sla_satisfaction_rate,A_hard_static,17,0.23166666666666666
sla_satisfaction_rate,A_hard_static,18,0.22333333333333333
sla_satisfaction_rate,A_hard_static,19,0.20666666666666667
sla_satisfaction_rate,A_hard_static,20,0.23166666666666666
sla_satisfaction_rate,A_hard_static,21,0.21
sla_satisfaction_rate,A_hard_static,22,0.22
sla_satisfaction_rate,A_hard_static,23,0.20833333333333334
sla_satisfaction_rate,A_hard_static,24,0.22
sla_satisfaction_rate,A_hard_static,25,0.22166666666666668
sla_satisfaction_rate,A_hard_static,26,0.185
sla_satisfaction_rate,A_hard_static,27,0.225
sla_satisfaction_rate,A_hard_static,28,0.215
sla_satisfaction_rate,A_hard_static,29,0.22666666666666666
sla_satisfaction_rate,B_soft_pool,0,0.5833333333333334
sla_satisfaction_rate,B_soft_pool,1,0.49
sla_satisfaction_rate,B_soft_pool,2,0.5533333333333333
sla_satisfaction_rate,B_soft_pool,3,0.5433333333333333
sla_satisfaction_rate,B_soft_pool,4,0.5366666666666666
sla_satisfaction_rate,B_soft_pool,5,0.5166666666666667
sla_satisfaction_rate,B_soft_pool,6,0.53
sla_satisfaction_rate,B_soft_pool,7,0.51
sla_satisfaction_rate,B_soft_pool,8,0.52
sla_satisfaction_rate,B_soft_pool,9,0.53
sla_satisfaction_rate,B_soft_pool,10,0.5466666666666666
sla_satisfaction_rate,B_soft_pool,11,0.5433333333333333
sla_satisfaction_rate,B_soft_pool,12,0.5433333333333333
sla_satisfaction_rate,B_soft_pool,13,0.47
sla_satisfaction_rate,B_soft_pool,14,0.5483333333333333
sla_satisfaction_rate,B_soft_pool,15,0.53
sla_satisfaction_rate,B_soft_pool,16,0.5366666666666666
sla_satisfaction_rate,B_soft_pool,17,0.55
sla_satisfaction_rate,B_soft_pool,18,0.53
sla_satisfaction_rate,B_soft_pool,19,0.5483333333333333
sla_satisfaction_rate,B_soft_pool,20,0.5366666666666666
sla_satisfaction_rate,B_soft_pool,21,0.52
sla_satisfaction_rate,B_soft_pool,22,0.525
sla_satisfaction_rate,B_soft_pool,23,0.5216666666666666
sla_satisfaction_rate,B_soft_pool,24,0.5116666666666667
sla_satisfaction_rate,B_soft_pool,25,0.525
sla_satisfaction_rate,B_soft_pool,26,0.515
sla_satisfaction_rate,B_soft_pool,27,0.5333333333333333
sla_satisfaction_rate,B_soft_pool,28,0.5266666666666666
sla_satisfaction_rate,B_soft_pool,29,0.545
sla_satisfaction_rate,C_no_medium,0,0.62
sla_satisfaction_rate,C_no_medium,1,0.53
sla_satisfaction_rate,C_no_medium,2,0.6133333333333333
sla_satisfaction_rate,C_no_medium,3,0.5616666666666666
sla_satisfaction_rate,C_no_medium,4,0.5933333333333334
sla_satisfaction_rate,C_no_medium,5,0.5983333333333334
sla_satisfaction_rate,C_no_medium,6,0.6066666666666667
sla_satisfaction_rate,C_no_medium,7,0.575
sla_satisfaction_rate,C_no_medium,8,0.5433333333333333
sla_satisfaction_rate,C_no_medium,9,0.6066666666666667
sla_satisfaction_rate,C_no_medium,10,0.605
sla_satisfaction_rate,C_no_medium,11,0.575
sla_satisfaction_rate,C_no_medium,12,0.59
sla_satisfaction_rate,C_no_medium,13,0.5166666666666667
sla_satisfaction_rate,C_no_medium,14,0.575
sla_satisfaction_rate,C_no_medium,15,0.5833333333333334
sla_satisfaction_rate,C_no_medium,16,0.61
sla_satisfaction_rate,C_no_medium,17,0.605
sla_satisfaction_rate,C_no_medium,18,0.5966666666666667
sla_satisfaction_rate,C_no_medium,19,0.6016666666666667
sla_satisfaction_rate,C_no_medium,20,0.6116666666666667
sla_satisfaction_rate,C_no_medium,21,0.57
sla_satisfaction_rate,C_no_medium,22,0.5766666666666667
sla_satisfaction_rate,C_no_medium,23,0.5833333333333334
sla_satisfaction_rate,C_no_medium,24,0.5666666666666667
sla_satisfaction_rate,C_no_medium,25,0.595
sla_satisfaction_rate,C_no_medium,26,0.5516666666666666
sla_satisfaction_rate,C_no_medium,27,0.61
sla_satisfaction_rate,C_no_medium,28,0.605
sla_satisfaction_rate,C_no_medium,29,0.59
sla_satisfaction_rate,D_no_slow,0,0.5583333333333333
sla_satisfaction_rate,D_no_slow,1,0.4716666666666667
sla_satisfaction_rate,D_no_slow,2,0.325
sla_satisfaction_rate,D_no_slow,3,0.31
sla_satisfaction_rate,D_no_slow,4,0.49
sla_satisfaction_rate,D_no_slow,5,0.5583333333333333
sla_satisfaction_rate,D_no_slow,6,0.5283333333333333
sla_satisfaction_rate,D_no_slow,7,0.3333333333333333
sla_satisfaction_rate,D_no_slow,8,0.30333333333333334
sla_satisfaction_rate,D_no_slow,9,0.5383333333333333
sla_satisfaction_rate,D_no_slow,10,0.5683333333333334
sla_satisfaction_rate,D_no_slow,11,0.48
sla_satisfaction_rate,D_no_slow,12,0.5633333333333334
sla_satisfaction_rate,D_no_slow,13,0.4816666666666667
sla_satisfaction_rate,D_no_slow,14,0.51
sla_satisfaction_rate,D_no_slow,15,0.5066666666666667
sla_satisfaction_rate,D_no_slow,16,0.51
sla_satisfaction_rate,D_no_slow,17,0.51
sla_satisfaction_rate,D_no_slow,18,0.35833333333333334
sla_satisfaction_rate,D_no_slow,19,0.4816666666666667
sla_satisfaction_rate,D_no_slow,20,0.33666666666666667
sla_satisfaction_rate,D_no_slow,21,0.56
sla_satisfaction_rate,D_no_slow,22,0.51
sla_satisfaction_rate,D_no_slow,23,0.49833333333333335
sla_satisfaction_rate,D_no_slow,24,0.5333333333333333
sla_satisfaction_rate,D_no_slow,25,0.5533333333333333
sla_satisfaction_rate,D_no_slow,26,0.53
sla_satisfaction_rate,D_no_slow,27,0.5216666666666666
sla_satisfaction_rate,D_no_slow,28,0.5183333333333333
sla_satisfaction_rate,D_no_slow,29,0.5533333333333333
sla_satisfaction_rate,E_full_umro,0,0.705
sla_satisfaction_rate,E_full_umro,1,0.6
sla_satisfaction_rate,E_full_umro,2,0.6716666666666666
sla_satisfaction_rate,E_full_umro,3,0.5116666666666667
sla_satisfaction_rate,E_full_umro,4,0.5
sla_satisfaction_rate,E_full_umro,5,0.6416666666666667
sla_satisfaction_rate,E_full_umro,6,0.6516666666666666
sla_satisfaction_rate,E_full_umro,7,0.5033333333333333
sla_satisfaction_rate,E_full_umro,8,0.6216666666666667
sla_satisfaction_rate,E_full_umro,9,0.5033333333333333
sla_satisfaction_rate,E_full_umro,10,0.67
sla_satisfaction_rate,E_full_umro,11,0.6283333333333333
sla_satisfaction_rate,E_full_umro,12,0.66
sla_satisfaction_rate,E_full_umro,13,0.5633333333333334
sla_satisfaction_rate,E_full_umro,14,0.6566666666666666
sla_satisfaction_rate,E_full_umro,15,0.645
sla_satisfaction_rate,E_full_umro,16,0.5066666666666667
sla_satisfaction_rate,E_full_umro,17,0.66
sla_satisfaction_rate,E_full_umro,18,0.6516666666666666
sla_satisfaction_rate,E_full_umro,19,0.49833333333333335
sla_satisfaction_rate,E_full_umro,20,0.66
sla_satisfaction_rate,E_full_umro,21,0.6633333333333333
sla_satisfaction_rate,E_full_umro,22,0.6316666666666667
sla_satisfaction_rate,E_full_umro,23,0.6316666666666667
sla_satisfaction_rate,E_full_umro,24,0.6283333333333333
sla_satisfaction_rate,E_full_umro,25,0.6466666666666666
sla_satisfaction_rate,E_full_umro,26,0.6233333333333333
sla_satisfaction_rate,E_full_umro,27,0.65
sla_satisfaction_rate,E_full_umro,28,0.6533333333333333
sla_satisfaction_rate,E_full_umro,29,0.6433333333333333
carried_load_fraction,A_hard_static,0,0.986826551971826
carried_load_fraction,A_hard_static,1,0.9882530240789309
carried_load_fraction,A_hard_static,2,0.9893345359711161
carried_load_fraction,A_hard_static,3,0.9891667099557868
carried_load_fraction,A_hard_static,4,0.9886889103275049
carried_load_fraction,A_hard_static,5,0.9896920540431648
carried_load_fraction,A_hard_static,6,0.9901882154781879
carried_load_fraction,A_hard_static,7,0.9866127641353535
carried_load_fraction,A_hard_static,8,0.9878213936375854
carried_load_fraction,A_hard_static,9,0.984482809049307
carried_load_fraction,A_hard_static,10,0.9900855523654223
carried_load_fraction,A_hard_static,11,0.9826192732307861
carried_load_fraction,A_hard_static,12,0.9891838135939375
carried_load_fraction,A_hard_static,13,0.9862837912375142
carried_load_fraction,A_hard_static,14,0.987614645346068
carried_load_fraction,A_hard_static,15,0.9906794079437076
carried_load_fraction,A_hard_static,16,0.9876023365397665
carried_load_fraction,A_hard_static,17,0.9871905140757018
carried_load_fraction,A_hard_static,18,0.9901437515466953
carried_load_fraction,A_hard_static,19,0.9848011413009526
carried_load_fraction,A_hard_static,20,0.9888905601284009
carried_load_fraction,A_hard_static,21,0.9897009779478411
carried_load_fraction,A_hard_static,22,0.989874722116797
carried_load_fraction,A_hard_static,23,0.9914628703433142
carried_load_fraction,A_hard_static,24,0.990841070401631
carried_load_fraction,A_hard_static,25,0.9897892807770806
carried_load_fraction,A_hard_static,26,0.9875254428034493
carried_load_fraction,A_hard_static,27,0.9901013774768749
carried_load_fraction,A_hard_static,28,0.9893261322130916
carried_load_fraction,A_hard_static,29,0.9899874915009198
carried_load_fraction,B_soft_pool,0,1.0001307536106416
carried_load_fraction,B_soft_pool,1,0.9992558665655926
carried_load_fraction,B_soft_pool,2,0.9998192385643716
carried_load_fraction,B_soft_pool,3,0.9996015794296548
carried_load_fraction,B_soft_pool,4,1.0004582806623676
carried_load_fraction,B_soft_pool,5,1.0004230269116803
carried_load_fraction,B_soft_pool,6,1.003283227882226
carried_load_fraction,B_soft_pool,7,0.998682739308953
carried_load_fraction,B_soft_pool,8,1.0001574611425894
carried_load_fraction,B_soft_pool,9,1.0003828486877642
carried_load_fraction,B_soft_pool,10,0.9969140767194266
carried_load_fraction,B_soft_pool,11,0.9990883178459906
carried_load_fraction,B_soft_pool,12,0.997215601533523
carried_load_fraction,B_soft_pool,13,0.9993911321928484
carried_load_fraction,B_soft_pool,14,0.9991012699591324
carried_load_fraction,B_soft_pool,15,0.9988464768636494
carried_load_fraction,B_soft_pool,16,1.001819620075101
carried_load_fraction,B_soft_pool,17,0.998980304086604
carried_load_fraction,B_soft_pool,18,1.001607197884362
carried_load_fraction,B_soft_pool,19,1.0034685495750266
carried_load_fraction,B_soft_pool,20,0.9973107762818108
carried_load_fraction,B_soft_pool,21,1.0000763306076828
carried_load_fraction,B_soft_pool,22,0.9994106676558986
carried_load_fraction,B_soft_pool,23,1.0017908707486503
carried_load_fraction,B_soft_pool,24,0.9982848325075278
carried_load_fraction,B_soft_pool,25,1.0002958164587088
carried_load_fraction,B_soft_pool,26,1.0014760379067096
carried_load_fraction,B_soft_pool,27,1.0012520374921063
carried_load_fraction,B_soft_pool,28,1.0013628413894804
carried_load_fraction,B_soft_pool,29,0.9987221669050067
carried_load_fraction,C_no_medium,0,1.0001307536106026
carried_load_fraction,C_no_medium,1,0.9992558665655552
carried_load_fraction,C_no_medium,2,0.9998192385643518
carried_load_fraction,C_no_medium,3,0.9996023668713567
carried_load_fraction,C_no_medium,4,1.0004582806623474
carried_load_fraction,C_no_medium,5,1.0004230269116448
carried_load_fraction,C_no_medium,6,1.0032832278821826
carried_load_fraction,C_no_medium,7,0.9986827393089257
carried_load_fraction,C_no_medium,8,1.0001574611425283
carried_load_fraction,C_no_medium,9,1.0003828486877455
carried_load_fraction,C_no_medium,10,0.9969140767193867
carried_load_fraction,C_no_medium,11,0.9990883178459646
carried_load_fraction,C_no_medium,12,0.9972182713386949
carried_load_fraction,C_no_medium,13,0.9993911321927983
carried_load_fraction,C_no_medium,14,0.9991012699590991
carried_load_fraction,C_no_medium,15,0.9988464768636104
carried_load_fraction,C_no_medium,16,1.0018196200750584
carried_load_fraction,C_no_medium,17,0.9989803040865715
carried_load_fraction,C_no_medium,18,1.0016071978843093
carried_load_fraction,C_no_medium,19,1.0034685495750195
carried_load_fraction,C_no_medium,20,0.9973107762817642
carried_load_fraction,C_no_medium,21,1.0000763306076508
carried_load_fraction,C_no_medium,22,0.9994106676558578
carried_load_fraction,C_no_medium,23,1.0017908707486314
carried_load_fraction,C_no_medium,24,0.9982848325074675
carried_load_fraction,C_no_medium,25,1.000295816458659
carried_load_fraction,C_no_medium,26,1.001476037906654
carried_load_fraction,C_no_medium,27,1.001252037492047
carried_load_fraction,C_no_medium,28,1.0013628413894053
carried_load_fraction,C_no_medium,29,0.9987221669049507
carried_load_fraction,D_no_slow,0,0.980924178594937
carried_load_fraction,D_no_slow,1,0.9822733202235393
carried_load_fraction,D_no_slow,2,0.9549820235167196
carried_load_fraction,D_no_slow,3,0.9530512463292142
carried_load_fraction,D_no_slow,4,0.9819678856588573
carried_load_fraction,D_no_slow,5,0.9974708238987416
carried_load_fraction,D_no_slow,6,0.9856621249732246
carried_load_fraction,D_no_slow,7,0.9522810129094981
carried_load_fraction,D_no_slow,8,0.9543177907733551
carried_load_fraction,D_no_slow,9,0.9976939827429204
carried_load_fraction,D_no_slow,10,0.9944862691544625
carried_load_fraction,D_no_slow,11,0.9786887835080204
carried_load_fraction,D_no_slow,12,0.9942938952403342
carried_load_fraction,D_no_slow,13,0.9790464460637921
carried_load_fraction,D_no_slow,14,0.9810044256200962
carried_load_fraction,D_no_slow,15,0.9827711122709714
carried_load_fraction,D_no_slow,16,0.9816102816199053
carried_load_fraction,D_no_slow,17,0.9806952118980921
carried_load_fraction,D_no_slow,18,0.9577407119800164
carried_load_fraction,D_no_slow,19,0.9819386838374996
carried_load_fraction,D_no_slow,20,0.9525983519648171
carried_load_fraction,D_no_slow,21,0.9977361132777928
carried_load_fraction,D_no_slow,22,0.9821908286170805
carried_load_fraction,D_no_slow,23,0.9831548097501966
carried_load_fraction,D_no_slow,24,0.9961607989787391
carried_load_fraction,D_no_slow,25,0.9968719590077775
carried_load_fraction,D_no_slow,26,0.9974752611813031
carried_load_fraction,D_no_slow,27,0.9831342986688216
carried_load_fraction,D_no_slow,28,0.98375935069685
carried_load_fraction,D_no_slow,29,0.9965540017318938
carried_load_fraction,E_full_umro,0,1.0001307536105934
carried_load_fraction,E_full_umro,1,0.9992558665655586
carried_load_fraction,E_full_umro,2,0.9998192385643415
carried_load_fraction,E_full_umro,3,0.9844734551200086
carried_load_fraction,E_full_umro,4,0.9853214742208027
carried_load_fraction,E_full_umro,5,1.000423026911651
carried_load_fraction,E_full_umro,6,1.0032832278821948
carried_load_fraction,E_full_umro,7,0.9825570215965413
carried_load_fraction,E_full_umro,8,1.0001574611425152
carried_load_fraction,E_full_umro,9,0.9848418473917807
carried_load_fraction,E_full_umro,10,0.996914076719372
carried_load_fraction,E_full_umro,11,0.9990883178459672
carried_load_fraction,E_full_umro,12,0.9972182713387034
carried_load_fraction,E_full_umro,13,0.999391132192795
carried_load_fraction,E_full_umro,14,0.9991012699591013
carried_load_fraction,E_full_umro,15,0.9988464768636071
carried_load_fraction,E_full_umro,16,0.9849933012600786
carried_load_fraction,E_full_umro,17,0.998980304086562
carried_load_fraction,E_full_umro,18,1.0016071978843024
carried_load_fraction,E_full_umro,19,0.9852316477879234
carried_load_fraction,E_full_umro,20,0.9973107762817756
carried_load_fraction,E_full_umro,21,1.0000763306076481
carried_load_fraction,E_full_umro,22,0.9994106676558522
carried_load_fraction,E_full_umro,23,1.0017908707486385
carried_load_fraction,E_full_umro,24,0.998284832507466
carried_load_fraction,E_full_umro,25,1.0002958164586642
carried_load_fraction,E_full_umro,26,1.0014760379066554
carried_load_fraction,E_full_umro,27,1.0012520374920415
carried_load_fraction,E_full_umro,28,1.0013628413894062
carried_load_fraction,E_full_umro,29,0.9987221669049507
urllc_mean_e2e_latency_ms,A_hard_static,0,0.7114519340149981
urllc_mean_e2e_latency_ms,A_hard_static,1,0.711839434014998
urllc_mean_e2e_latency_ms,A_hard_static,2,0.7111977673483314
urllc_mean_e2e_latency_ms,A_hard_static,3,0.7113061006816649
urllc_mean_e2e_latency_ms,A_hard_static,4,0.7110727673483315
urllc_mean_e2e_latency_ms,A_hard_static,5,0.7110936006816648
urllc_mean_e2e_latency_ms,A_hard_static,6,0.7112644340149982
urllc_mean_e2e_latency_ms,A_hard_static,7,0.7112269340149981
urllc_mean_e2e_latency_ms,A_hard_static,8,0.7111811006816647
urllc_mean_e2e_latency_ms,A_hard_static,9,0.7111602673483315
urllc_mean_e2e_latency_ms,A_hard_static,10,0.7111977673483314
urllc_mean_e2e_latency_ms,A_hard_static,11,0.7116061006816645
urllc_mean_e2e_latency_ms,A_hard_static,12,0.7112352673483315
urllc_mean_e2e_latency_ms,A_hard_static,13,0.7159894340149973
urllc_mean_e2e_latency_ms,A_hard_static,14,0.7116102673483314
urllc_mean_e2e_latency_ms,A_hard_static,15,0.7113019340149982
urllc_mean_e2e_latency_ms,A_hard_static,16,0.7112144340149982
urllc_mean_e2e_latency_ms,A_hard_static,17,0.7112227673483315
urllc_mean_e2e_latency_ms,A_hard_static,18,0.711139434014998
urllc_mean_e2e_latency_ms,A_hard_static,19,0.7111436006816648
urllc_mean_e2e_latency_ms,A_hard_static,20,0.7111769340149982
urllc_mean_e2e_latency_ms,A_hard_static,21,0.7124727673483312
urllc_mean_e2e_latency_ms,A_hard_static,22,0.7112519340149981
urllc_mean_e2e_latency_ms,A_hard_static,23,0.711414434014998
urllc_mean_e2e_latency_ms,A_hard_static,24,0.7114936006816646
urllc_mean_e2e_latency_ms,A_hard_static,25,0.711126934014998
urllc_mean_e2e_latency_ms,A_hard_static,26,0.7110769340149982
urllc_mean_e2e_latency_ms,A_hard_static,27,0.7110602673483315
urllc_mean_e2e_latency_ms,A_hard_static,28,0.711039434014998
urllc_mean_e2e_latency_ms,A_hard_static,29,0.7114311006816646
urllc_mean_e2e_latency_ms,B_soft_pool,0,0.7321852673483314
urllc_mean_e2e_latency_ms,B_soft_pool,1,0.7364019340149981
urllc_mean_e2e_latency_ms,B_soft_pool,2,0.7235977673483314
urllc_mean_e2e_latency_ms,B_soft_pool,3,0.7277186006816648
urllc_mean_e2e_latency_ms,B_soft_pool,4,0.7206269340149982
urllc_mean_e2e_latency_ms,B_soft_pool,5,0.7262519340149982
urllc_mean_e2e_latency_ms,B_soft_pool,6,0.7267852673483315
urllc_mean_e2e_latency_ms,B_soft_pool,7,0.7262602673483315
urllc_mean_e2e_latency_ms,B_soft_pool,8,0.7256061006816648
urllc_mean_e2e_latency_ms,B_soft_pool,9,0.7271352673483316
urllc_mean_e2e_latency_ms,B_soft_pool,10,0.7283477673483314
urllc_mean_e2e_latency_ms,B_soft_pool,11,0.7260811006816645
urllc_mean_e2e_latency_ms,B_soft_pool,12,0.7221352673483316
urllc_mean_e2e_latency_ms,B_soft_pool,13,0.8245269340149973
urllc_mean_e2e_latency_ms,B_soft_pool,14,0.7245352673483314
urllc_mean_e2e_latency_ms,B_soft_pool,15,0.7253852673483315
urllc_mean_e2e_latency_ms,B_soft_pool,16,0.7246436006816649
urllc_mean_e2e_latency_ms,B_soft_pool,17,0.7261186006816649
urllc_mean_e2e_latency_ms,B_soft_pool,18,0.7245186006816648
urllc_mean_e2e_latency_ms,B_soft_pool,19,0.7224061006816649
urllc_mean_e2e_latency_ms,B_soft_pool,20,0.7272477673483315
urllc_mean_e2e_latency_ms,B_soft_pool,21,0.7421602673483312
urllc_mean_e2e_latency_ms,B_soft_pool,22,0.7271186006816648
urllc_mean_e2e_latency_ms,B_soft_pool,23,0.7291311006816648
urllc_mean_e2e_latency_ms,B_soft_pool,24,0.7281977673483313
urllc_mean_e2e_latency_ms,B_soft_pool,25,0.7252727673483313
urllc_mean_e2e_latency_ms,B_soft_pool,26,0.7229061006816648
urllc_mean_e2e_latency_ms,B_soft_pool,27,0.7228602673483315
urllc_mean_e2e_latency_ms,B_soft_pool,28,0.7260686006816647
urllc_mean_e2e_latency_ms,B_soft_pool,29,0.7296102673483312
urllc_mean_e2e_latency_ms,C_no_medium,0,0.9133373863074477
urllc_mean_e2e_latency_ms,C_no_medium,1,1.0705123863074477
urllc_mean_e2e_latency_ms,C_no_medium,2,0.8774832196407809
urllc_mean_e2e_latency_ms,C_no_medium,3,0.8900623863074476
urllc_mean_e2e_latency_ms,C_no_medium,4,0.8616873863074476
urllc_mean_e2e_latency_ms,C_no_medium,5,0.8761998863074476
urllc_mean_e2e_latency_ms,C_no_medium,6,0.8922915529741143
urllc_mean_e2e_latency_ms,C_no_medium,7,0.8809998863074476
urllc_mean_e2e_latency_ms,C_no_medium,8,0.8779790529741143
urllc_mean_e2e_latency_ms,C_no_medium,9,0.8725790529741143
urllc_mean_e2e_latency_ms,C_no_medium,10,0.8870665529741143
urllc_mean_e2e_latency_ms,C_no_medium,11,0.8660832196407809
urllc_mean_e2e_latency_ms,C_no_medium,12,0.8687790529741143
urllc_mean_e2e_latency_ms,C_no_medium,13,11.50749988630831
urllc_mean_e2e_latency_ms,C_no_medium,14,0.8798748863074476
urllc_mean_e2e_latency_ms,C_no_medium,15,0.8833415529741143
urllc_mean_e2e_latency_ms,C_no_medium,16,0.8531915529741143
urllc_mean_e2e_latency_ms,C_no_medium,17,0.8598540529741143
urllc_mean_e2e_latency_ms,C_no_medium,18,0.866695719640781
urllc_mean_e2e_latency_ms,C_no_medium,19,0.875458219640781
urllc_mean_e2e_latency_ms,C_no_medium,20,0.8567540529741143
urllc_mean_e2e_latency_ms,C_no_medium,21,0.9520623863074477
urllc_mean_e2e_latency_ms,C_no_medium,22,0.8794748863074476
urllc_mean_e2e_latency_ms,C_no_medium,23,0.883208219640781
urllc_mean_e2e_latency_ms,C_no_medium,24,0.8849582196407809
urllc_mean_e2e_latency_ms,C_no_medium,25,0.8799248863074476
urllc_mean_e2e_latency_ms,C_no_medium,26,0.890470719640781
urllc_mean_e2e_latency_ms,C_no_medium,27,0.8585665529741143
urllc_mean_e2e_latency_ms,C_no_medium,28,0.8767415529741143
urllc_mean_e2e_latency_ms,C_no_medium,29,0.8885290529741143
urllc_mean_e2e_latency_ms,D_no_slow,0,0.7118727673483314
urllc_mean_e2e_latency_ms,D_no_slow,1,0.7122936006816647
urllc_mean_e2e_latency_ms,D_no_slow,2,0.7113477673483314
urllc_mean_e2e_latency_ms,D_no_slow,3,0.7114352673483315
urllc_mean_e2e_latency_ms,D_no_slow,4,0.7111602673483315
urllc_mean_e2e_latency_ms,D_no_slow,5,0.7114602673483316
urllc_mean_e2e_latency_ms,D_no_slow,6,0.7117436006816649
urllc_mean_e2e_latency_ms,D_no_slow,7,0.7113769340149982
urllc_mean_e2e_latency_ms,D_no_slow,8,0.7111852673483314
urllc_mean_e2e_latency_ms,D_no_slow,9,0.7118352673483315
urllc_mean_e2e_latency_ms,D_no_slow,10,0.7115436006816648
urllc_mean_e2e_latency_ms,D_no_slow,11,0.7121019340149978
urllc_mean_e2e_latency_ms,D_no_slow,12,0.7115686006816648
urllc_mean_e2e_latency_ms,D_no_slow,13,0.7181269340149972
urllc_mean_e2e_latency_ms,D_no_slow,14,0.7118352673483314
urllc_mean_e2e_latency_ms,D_no_slow,15,0.7116977673483316
urllc_mean_e2e_latency_ms,D_no_slow,16,0.7114061006816649
urllc_mean_e2e_latency_ms,D_no_slow,17,0.711751934014998
urllc_mean_e2e_latency_ms,D_no_slow,18,0.7111936006816647
urllc_mean_e2e_latency_ms,D_no_slow,19,0.7112561006816649
urllc_mean_e2e_latency_ms,D_no_slow,20,0.7113019340149982
urllc_mean_e2e_latency_ms,D_no_slow,21,0.7144477673483312
urllc_mean_e2e_latency_ms,D_no_slow,22,0.7116561006816647
urllc_mean_e2e_latency_ms,D_no_slow,23,0.7116602673483314
urllc_mean_e2e_latency_ms,D_no_slow,24,0.7120602673483313
urllc_mean_e2e_latency_ms,D_no_slow,25,0.7112936006816647
urllc_mean_e2e_latency_ms,D_no_slow,26,0.7113394340149982
urllc_mean_e2e_latency_ms,D_no_slow,27,0.7112852673483315
urllc_mean_e2e_latency_ms,D_no_slow,28,0.7112686006816648
urllc_mean_e2e_latency_ms,D_no_slow,29,0.7119019340149979
urllc_mean_e2e_latency_ms,E_full_umro,0,0.829970719640781
urllc_mean_e2e_latency_ms,E_full_umro,1,0.8309623863074476
urllc_mean_e2e_latency_ms,E_full_umro,2,0.8238332196407809
urllc_mean_e2e_latency_ms,E_full_umro,3,0.8171665529741143
urllc_mean_e2e_latency_ms,E_full_umro,4,0.8168748863074476
urllc_mean_e2e_latency_ms,E_full_umro,5,0.8250873863074476
urllc_mean_e2e_latency_ms,E_full_umro,6,0.8267540529741143
urllc_mean_e2e_latency_ms,E_full_umro,7,0.8170748863074476
urllc_mean_e2e_latency_ms,E_full_umro,8,0.8249040529741143
urllc_mean_e2e_latency_ms,E_full_umro,9,0.8170623863074477
urllc_mean_e2e_latency_ms,E_full_umro,10,0.8205540529741143
urllc_mean_e2e_latency_ms,E_full_umro,11,0.8263665529741143
urllc_mean_e2e_latency_ms,E_full_umro,12,0.822720719640781
urllc_mean_e2e_latency_ms,E_full_umro,13,0.9411165529741143
urllc_mean_e2e_latency_ms,E_full_umro,14,0.8248998863074476
urllc_mean_e2e_latency_ms,E_full_umro,15,0.8249790529741143
urllc_mean_e2e_latency_ms,E_full_umro,16,0.8170165529741142
urllc_mean_e2e_latency_ms,E_full_umro,17,0.8245373863074477
urllc_mean_e2e_latency_ms,E_full_umro,18,0.8245248863074476
urllc_mean_e2e_latency_ms,E_full_umro,19,0.8169040529741143
urllc_mean_e2e_latency_ms,E_full_umro,20,0.8243248863074476
urllc_mean_e2e_latency_ms,E_full_umro,21,0.822158219640781
urllc_mean_e2e_latency_ms,E_full_umro,22,0.825958219640781
urllc_mean_e2e_latency_ms,E_full_umro,23,0.8281415529741143
urllc_mean_e2e_latency_ms,E_full_umro,24,0.8258165529741143
urllc_mean_e2e_latency_ms,E_full_umro,25,0.8241748863074476
urllc_mean_e2e_latency_ms,E_full_umro,26,0.824533219640781
urllc_mean_e2e_latency_ms,E_full_umro,27,0.8229790529741143
urllc_mean_e2e_latency_ms,E_full_umro,28,0.8242123863074476
urllc_mean_e2e_latency_ms,E_full_umro,29,0.8254498863074476
jain_across_slices,A_hard_static,0,0.504238202160795
jain_across_slices,A_hard_static,1,0.5035519109392751
jain_across_slices,A_hard_static,2,0.5037861961597209
jain_across_slices,A_hard_static,3,0.5039661015884159
jain_across_slices,A_hard_static,4,0.5033618763251039
jain_across_slices,A_hard_static,5,0.5032166904113929
jain_across_slices,A_hard_static,6,0.5028197296345616
jain_across_slices,A_hard_static,7,0.5038216993240441
jain_across_slices,A_hard_static,8,0.5036452661653869
jain_across_slices,A_hard_static,9,0.5042760396379012
jain_across_slices,A_hard_static,10,0.503340109211705
jain_across_slices,A_hard_static,11,0.5043118698850204
jain_across_slices,A_hard_static,12,0.5033556871517609
jain_across_slices,A_hard_static,13,0.5038872349359768
jain_across_slices,A_hard_static,14,0.5040483638654369
jain_across_slices,A_hard_static,15,0.5032592671947802
jain_across_slices,A_hard_static,16,0.5036995919054755
jain_across_slices,A_hard_static,17,0.5035275648171919
jain_across_slices,A_hard_static,18,0.5031372992743633
jain_across_slices,A_hard_static,19,0.5043990662938176
jain_across_slices,A_hard_static,20,0.5033094904307049
jain_across_slices,A_hard_static,21,0.5032591983509633
jain_across_slices,A_hard_static,22,0.5030220100231974
jain_across_slices,A_hard_static,23,0.5031466545662121
jain_across_slices,A_hard_static,24,0.5027896040346416
jain_across_slices,A_hard_static,25,0.5035799454914784
jain_across_slices,A_hard_static,26,0.5036611987906994
jain_across_slices,A_hard_static,27,0.502811702275657
jain_across_slices,A_hard_static,28,0.5032831524971827
jain_across_slices,A_hard_static,29,0.5033593052115017
jain_across_slices,B_soft_pool,0,0.5015853109320317
jain_across_slices,B_soft_pool,1,0.501365011066787
jain_across_slices,B_soft_pool,2,0.5016998363461339
jain_across_slices,B_soft_pool,3,0.5018873005614747
jain_across_slices,B_soft_pool,4,0.501027420601077
jain_across_slices,B_soft_pool,5,0.5010904893115296
jain_across_slices,B_soft_pool,6,0.5002387876653186
jain_across_slices,B_soft_pool,7,0.5014171700213688
jain_across_slices,B_soft_pool,8,0.5011940901816997
jain_across_slices,B_soft_pool,9,0.501106613450514
jain_across_slices,B_soft_pool,10,0.5019804890132806
jain_across_slices,B_soft_pool,11,0.5010238635820842
jain_across_slices,B_soft_pool,12,0.5017568282156907
jain_across_slices,B_soft_pool,13,0.5012768371407029
jain_across_slices,B_soft_pool,14,0.5017577146325578
jain_across_slices,B_soft_pool,15,0.501637622328623
jain_across_slices,B_soft_pool,16,0.5008793456269081
jain_across_slices,B_soft_pool,17,0.5011841755959111
jain_across_slices,B_soft_pool,18,0.5008696627997643
jain_across_slices,B_soft_pool,19,0.5006882747321508
jain_across_slices,B_soft_pool,20,0.5016342856948914
jain_across_slices,B_soft_pool,21,0.5012016786095921
jain_across_slices,B_soft_pool,22,0.5011325223612096
jain_across_slices,B_soft_pool,23,0.5011035963718827
jain_across_slices,B_soft_pool,24,0.5013147102106053
jain_across_slices,B_soft_pool,25,0.5014927617108399
jain_across_slices,B_soft_pool,26,0.5008932747815631
jain_across_slices,B_soft_pool,27,0.5006092183437655
jain_across_slices,B_soft_pool,28,0.5008995521321589
jain_across_slices,B_soft_pool,29,0.5016236093006881
jain_across_slices,C_no_medium,0,0.5015853109320396
jain_across_slices,C_no_medium,1,0.5013650110667949
jain_across_slices,C_no_medium,2,0.5016998363461391
jain_across_slices,C_no_medium,3,0.5018871454947521
jain_across_slices,C_no_medium,4,0.5010274206010785
jain_across_slices,C_no_medium,5,0.5010904893115372
jain_across_slices,C_no_medium,6,0.5002387876653259
jain_across_slices,C_no_medium,7,0.5014171700213758
jain_across_slices,C_no_medium,8,0.5011940901817107
jain_across_slices,C_no_medium,9,0.5011066134505213
jain_across_slices,C_no_medium,10,0.5019804890132882
jain_across_slices,C_no_medium,11,0.5010238635820895
jain_across_slices,C_no_medium,12,0.501756301469744
jain_across_slices,C_no_medium,13,0.5012768371407124
jain_across_slices,C_no_medium,14,0.5017577146325641
jain_across_slices,C_no_medium,15,0.5016376223286296
jain_across_slices,C_no_medium,16,0.5008793456269158
jain_across_slices,C_no_medium,17,0.5011841755959148
jain_across_slices,C_no_medium,18,0.5008696627997753
jain_across_slices,C_no_medium,19,0.5006882747321539
jain_across_slices,C_no_medium,20,0.5016342856949
jain_across_slices,C_no_medium,21,0.5012016786095981
jain_across_slices,C_no_medium,22,0.5011325223612181
jain_across_slices,C_no_medium,23,0.5011035963718856
jain_across_slices,C_no_medium,24,0.5013147102106155
jain_across_slices,C_no_medium,25,0.5014927617108499
jain_across_slices,C_no_medium,26,0.5008932747815724
jain_across_slices,C_no_medium,27,0.5006092183437741
jain_across_slices,C_no_medium,28,0.5008995521321723
jain_across_slices,C_no_medium,29,0.5016236093006979
jain_across_slices,D_no_slow,0,0.5055925667037281
jain_across_slices,D_no_slow,1,0.5052043661176209
jain_across_slices,D_no_slow,2,0.5107774061524419
jain_across_slices,D_no_slow,3,0.5112566426208043
jain_across_slices,D_no_slow,4,0.5048594014575624
jain_across_slices,D_no_slow,5,0.5017249699886173
jain_across_slices,D_no_slow,6,0.5039355193991243
jain_across_slices,D_no_slow,7,0.51116418514136
jain_across_slices,D_no_slow,8,0.5103277209939849
jain_across_slices,D_no_slow,9,0.5016220734147481
jain_across_slices,D_no_slow,10,0.5024964173928136
jain_across_slices,D_no_slow,11,0.5053168871378817
jain_across_slices,D_no_slow,12,0.5024485785414404
jain_across_slices,D_no_slow,13,0.505339988317456
jain_across_slices,D_no_slow,14,0.5053838972958493
jain_across_slices,D_no_slow,15,0.5047220552334554
jain_across_slices,D_no_slow,16,0.5049955990277437
jain_across_slices,D_no_slow,17,0.5050059662533066
jain_across_slices,D_no_slow,18,0.5097643525015267
jain_across_slices,D_no_slow,19,0.5048357622373425
jain_across_slices,D_no_slow,20,0.5111177507702132
jain_across_slices,D_no_slow,21,0.5016291506037148
jain_across_slices,D_no_slow,22,0.5044528138039915
jain_across_slices,D_no_slow,23,0.5047476997806247
jain_across_slices,D_no_slow,24,0.5018059785335655
jain_across_slices,D_no_slow,25,0.5021891684284425
jain_across_slices,D_no_slow,26,0.5016833065240557
jain_across_slices,D_no_slow,27,0.5042217651199121
jain_across_slices,D_no_slow,28,0.5045361972060778
jain_across_slices,D_no_slow,29,0.5021688695540656
jain_across_slices,E_full_umro,0,0.5015853109320421
jain_across_slices,E_full_umro,1,0.5013650110667928
jain_across_slices,E_full_umro,2,0.5016998363461378
jain_across_slices,E_full_umro,3,0.5048238318609564
jain_across_slices,E_full_umro,4,0.504298103600235
jain_across_slices,E_full_umro,5,0.5010904893115345
jain_across_slices,E_full_umro,6,0.5002387876653231
jain_across_slices,E_full_umro,7,0.5046017927718414
jain_across_slices,E_full_umro,8,0.5011940901817138
jain_across_slices,E_full_umro,9,0.5041353280389463
jain_across_slices,E_full_umro,10,0.5019804890132912
jain_across_slices,E_full_umro,11,0.5010238635820877
jain_across_slices,E_full_umro,12,0.5017563014697436
jain_across_slices,E_full_umro,13,0.5012768371407128
jain_across_slices,E_full_umro,14,0.5017577146325646
jain_across_slices,E_full_umro,15,0.5016376223286315
jain_across_slices,E_full_umro,16,0.5044118419211826
jain_across_slices,E_full_umro,17,0.5011841755959162
jain_across_slices,E_full_umro,18,0.500869662799776
jain_across_slices,E_full_umro,19,0.5044116151293752
jain_across_slices,E_full_umro,20,0.5016342856948968
jain_across_slices,E_full_umro,21,0.5012016786095994
jain_across_slices,E_full_umro,22,0.5011325223612189
jain_across_slices,E_full_umro,23,0.5011035963718856
jain_across_slices,E_full_umro,24,0.5013147102106151
jain_across_slices,E_full_umro,25,0.5014927617108492
jain_across_slices,E_full_umro,26,0.5008932747815757
jain_across_slices,E_full_umro,27,0.5006092183437766
jain_across_slices,E_full_umro,28,0.5008995521321729
jain_across_slices,E_full_umro,29,0.5016236093007008
medium_actions_applied,A_hard_static,0,0.0
medium_actions_applied,A_hard_static,1,0.0
medium_actions_applied,A_hard_static,2,0.0
medium_actions_applied,A_hard_static,3,0.0
medium_actions_applied,A_hard_static,4,0.0
medium_actions_applied,A_hard_static,5,0.0
medium_actions_applied,A_hard_static,6,0.0
medium_actions_applied,A_hard_static,7,0.0
medium_actions_applied,A_hard_static,8,0.0
medium_actions_applied,A_hard_static,9,0.0
medium_actions_applied,A_hard_static,10,0.0
medium_actions_applied,A_hard_static,11,0.0
medium_actions_applied,A_hard_static,12,0.0
medium_actions_applied,A_hard_static,13,0.0
medium_actions_applied,A_hard_static,14,0.0
medium_actions_applied,A_hard_static,15,0.0
medium_actions_applied,A_hard_static,16,0.0
medium_actions_applied,A_hard_static,17,0.0
medium_actions_applied,A_hard_static,18,0.0
medium_actions_applied,A_hard_static,19,0.0
medium_actions_applied,A_hard_static,20,0.0
medium_actions_applied,A_hard_static,21,0.0
medium_actions_applied,A_hard_static,22,0.0
medium_actions_applied,A_hard_static,23,0.0
medium_actions_applied,A_hard_static,24,0.0
medium_actions_applied,A_hard_static,25,0.0
medium_actions_applied,A_hard_static,26,0.0
medium_actions_applied,A_hard_static,27,0.0
medium_actions_applied,A_hard_static,28,0.0
medium_actions_applied,A_hard_static,29,0.0
medium_actions_applied,B_soft_pool,0,0.0
medium_actions_applied,B_soft_pool,1,0.0
medium_actions_applied,B_soft_pool,2,0.0
medium_actions_applied,B_soft_pool,3,0.0
medium_actions_applied,B_soft_pool,4,0.0
medium_actions_applied,B_soft_pool,5,0.0
medium_actions_applied,B_soft_pool,6,0.0
medium_actions_applied,B_soft_pool,7,0.0
medium_actions_applied,B_soft_pool,8,0.0
medium_actions_applied,B_soft_pool,9,0.0
medium_actions_applied,B_soft_pool,10,0.0
medium_actions_applied,B_soft_pool,11,0.0
medium_actions_applied,B_soft_pool,12,0.0
medium_actions_applied,B_soft_pool,13,0.0
medium_actions_applied,B_soft_pool,14,0.0
medium_actions_applied,B_soft_pool,15,0.0
medium_actions_applied,B_soft_pool,16,0.0
medium_actions_applied,B_soft_pool,17,0.0
medium_actions_applied,B_soft_pool,18,0.0
medium_actions_applied,B_soft_pool,19,0.0
medium_actions_applied,B_soft_pool,20,0.0
medium_actions_applied,B_soft_pool,21,0.0
medium_actions_applied,B_soft_pool,22,0.0
medium_actions_applied,B_soft_pool,23,0.0
medium_actions_applied,B_soft_pool,24,0.0
medium_actions_applied,B_soft_pool,25,0.0
medium_actions_applied,B_soft_pool,26,0.0
medium_actions_applied,B_soft_pool,27,0.0
medium_actions_applied,B_soft_pool,28,0.0
medium_actions_applied,B_soft_pool,29,0.0
medium_actions_applied,C_no_medium,0,0.0
medium_actions_applied,C_no_medium,1,0.0
medium_actions_applied,C_no_medium,2,0.0
medium_actions_applied,C_no_medium,3,0.0
medium_actions_applied,C_no_medium,4,0.0
medium_actions_applied,C_no_medium,5,0.0
medium_actions_applied,C_no_medium,6,0.0
medium_actions_applied,C_no_medium,7,0.0
medium_actions_applied,C_no_medium,8,0.0
medium_actions_applied,C_no_medium,9,0.0
medium_actions_applied,C_no_medium,10,0.0
medium_actions_applied,C_no_medium,11,0.0
medium_actions_applied,C_no_medium,12,0.0
medium_actions_applied,C_no_medium,13,0.0
medium_actions_applied,C_no_medium,14,0.0
medium_actions_applied,C_no_medium,15,0.0
medium_actions_applied,C_no_medium,16,0.0
medium_actions_applied,C_no_medium,17,0.0
medium_actions_applied,C_no_medium,18,0.0
medium_actions_applied,C_no_medium,19,0.0
medium_actions_applied,C_no_medium,20,0.0
medium_actions_applied,C_no_medium,21,0.0
medium_actions_applied,C_no_medium,22,0.0
medium_actions_applied,C_no_medium,23,0.0
medium_actions_applied,C_no_medium,24,0.0
medium_actions_applied,C_no_medium,25,0.0
medium_actions_applied,C_no_medium,26,0.0
medium_actions_applied,C_no_medium,27,0.0
medium_actions_applied,C_no_medium,28,0.0
medium_actions_applied,C_no_medium,29,0.0
medium_actions_applied,D_no_slow,0,27.0
medium_actions_applied,D_no_slow,1,20.0
medium_actions_applied,D_no_slow,2,13.0
medium_actions_applied,D_no_slow,3,17.0
medium_actions_applied,D_no_slow,4,14.0
medium_actions_applied,D_no_slow,5,24.0
medium_actions_applied,D_no_slow,6,28.0
medium_actions_applied,D_no_slow,7,27.0
medium_actions_applied,D_no_slow,8,15.0
medium_actions_applied,D_no_slow,9,45.0
medium_actions_applied,D_no_slow,10,27.0
medium_actions_applied,D_no_slow,11,17.0
medium_actions_applied,D_no_slow,12,20.0
medium_actions_applied,D_no_slow,13,16.0
medium_actions_applied,D_no_slow,14,31.0
medium_actions_applied,D_no_slow,15,20.0
medium_actions_applied,D_no_slow,16,20.0
medium_actions_applied,D_no_slow,17,30.0
medium_actions_applied,D_no_slow,18,27.0
medium_actions_applied,D_no_slow,19,23.0
medium_actions_applied,D_no_slow,20,15.0
medium_actions_applied,D_no_slow,21,31.0
medium_actions_applied,D_no_slow,22,27.0
medium_actions_applied,D_no_slow,23,35.0
medium_actions_applied,D_no_slow,24,25.0
medium_actions_applied,D_no_slow,25,29.0
medium_actions_applied,D_no_slow,26,31.0
medium_actions_applied,D_no_slow,27,21.0
medium_actions_applied,D_no_slow,28,23.0
medium_actions_applied,D_no_slow,29,28.0
medium_actions_applied,E_full_umro,0,6.0
medium_actions_applied,E_full_umro,1,2.0
medium_actions_applied,E_full_umro,2,2.0
medium_actions_applied,E_full_umro,3,4.0
medium_actions_applied,E_full_umro,4,2.0
medium_actions_applied,E_full_umro,5,2.0
medium_actions_applied,E_full_umro,6,2.0
medium_actions_applied,E_full_umro,7,2.0
medium_actions_applied,E_full_umro,8,2.0
medium_actions_applied,E_full_umro,9,2.0
medium_actions_applied,E_full_umro,10,2.0
medium_actions_applied,E_full_umro,11,2.0
medium_actions_applied,E_full_umro,12,2.0
medium_actions_applied,E_full_umro,13,8.0
medium_actions_applied,E_full_umro,14,2.0
medium_actions_applied,E_full_umro,15,2.0
medium_actions_applied,E_full_umro,16,2.0
medium_actions_applied,E_full_umro,17,2.0
medium_actions_applied,E_full_umro,18,2.0
medium_actions_applied,E_full_umro,19,1.0
medium_actions_applied,E_full_umro,20,5.0
medium_actions_applied,E_full_umro,21,2.0
medium_actions_applied,E_full_umro,22,4.0
medium_actions_applied,E_full_umro,23,2.0
medium_actions_applied,E_full_umro,24,2.0
medium_actions_applied,E_full_umro,25,2.0
medium_actions_applied,E_full_umro,26,2.0
medium_actions_applied,E_full_umro,27,2.0
medium_actions_applied,E_full_umro,28,2.0
medium_actions_applied,E_full_umro,29,2.0
medium_actions_rejected,A_hard_static,0,0.0
medium_actions_rejected,A_hard_static,1,0.0
medium_actions_rejected,A_hard_static,2,0.0
medium_actions_rejected,A_hard_static,3,0.0
medium_actions_rejected,A_hard_static,4,0.0
medium_actions_rejected,A_hard_static,5,0.0
medium_actions_rejected,A_hard_static,6,0.0
medium_actions_rejected,A_hard_static,7,0.0
medium_actions_rejected,A_hard_static,8,0.0
medium_actions_rejected,A_hard_static,9,0.0
medium_actions_rejected,A_hard_static,10,0.0
medium_actions_rejected,A_hard_static,11,0.0
medium_actions_rejected,A_hard_static,12,0.0
medium_actions_rejected,A_hard_static,13,0.0
medium_actions_rejected,A_hard_static,14,0.0
medium_actions_rejected,A_hard_static,15,0.0
medium_actions_rejected,A_hard_static,16,0.0
medium_actions_rejected,A_hard_static,17,0.0
medium_actions_rejected,A_hard_static,18,0.0
medium_actions_rejected,A_hard_static,19,0.0
medium_actions_rejected,A_hard_static,20,0.0
medium_actions_rejected,A_hard_static,21,0.0
medium_actions_rejected,A_hard_static,22,0.0
medium_actions_rejected,A_hard_static,23,0.0
medium_actions_rejected,A_hard_static,24,0.0
medium_actions_rejected,A_hard_static,25,0.0
medium_actions_rejected,A_hard_static,26,0.0
medium_actions_rejected,A_hard_static,27,0.0
medium_actions_rejected,A_hard_static,28,0.0
medium_actions_rejected,A_hard_static,29,0.0
medium_actions_rejected,B_soft_pool,0,0.0
medium_actions_rejected,B_soft_pool,1,0.0
medium_actions_rejected,B_soft_pool,2,0.0
medium_actions_rejected,B_soft_pool,3,0.0
medium_actions_rejected,B_soft_pool,4,0.0
medium_actions_rejected,B_soft_pool,5,0.0
medium_actions_rejected,B_soft_pool,6,0.0
medium_actions_rejected,B_soft_pool,7,0.0
medium_actions_rejected,B_soft_pool,8,0.0
medium_actions_rejected,B_soft_pool,9,0.0
medium_actions_rejected,B_soft_pool,10,0.0
medium_actions_rejected,B_soft_pool,11,0.0
medium_actions_rejected,B_soft_pool,12,0.0
medium_actions_rejected,B_soft_pool,13,0.0
medium_actions_rejected,B_soft_pool,14,0.0
medium_actions_rejected,B_soft_pool,15,0.0
medium_actions_rejected,B_soft_pool,16,0.0
medium_actions_rejected,B_soft_pool,17,0.0
medium_actions_rejected,B_soft_pool,18,0.0
medium_actions_rejected,B_soft_pool,19,0.0
medium_actions_rejected,B_soft_pool,20,0.0
medium_actions_rejected,B_soft_pool,21,0.0
medium_actions_rejected,B_soft_pool,22,0.0
medium_actions_rejected,B_soft_pool,23,0.0
medium_actions_rejected,B_soft_pool,24,0.0
medium_actions_rejected,B_soft_pool,25,0.0
medium_actions_rejected,B_soft_pool,26,0.0
medium_actions_rejected,B_soft_pool,27,0.0
medium_actions_rejected,B_soft_pool,28,0.0
medium_actions_rejected,B_soft_pool,29,0.0
medium_actions_rejected,C_no_medium,0,0.0
medium_actions_rejected,C_no_medium,1,0.0
medium_actions_rejected,C_no_medium,2,0.0
medium_actions_rejected,C_no_medium,3,0.0
medium_actions_rejected,C_no_medium,4,0.0
medium_actions_rejected,C_no_medium,5,0.0
medium_actions_rejected,C_no_medium,6,0.0
medium_actions_rejected,C_no_medium,7,0.0
medium_actions_rejected,C_no_medium,8,0.0
medium_actions_rejected,C_no_medium,9,0.0
medium_actions_rejected,C_no_medium,10,0.0
medium_actions_rejected,C_no_medium,11,0.0
medium_actions_rejected,C_no_medium,12,0.0
medium_actions_rejected,C_no_medium,13,0.0
medium_actions_rejected,C_no_medium,14,0.0
medium_actions_rejected,C_no_medium,15,0.0
medium_actions_rejected,C_no_medium,16,0.0
medium_actions_rejected,C_no_medium,17,0.0
medium_actions_rejected,C_no_medium,18,0.0
medium_actions_rejected,C_no_medium,19,0.0
medium_actions_rejected,C_no_medium,20,0.0
medium_actions_rejected,C_no_medium,21,0.0
medium_actions_rejected,C_no_medium,22,0.0
medium_actions_rejected,C_no_medium,23,0.0
medium_actions_rejected,C_no_medium,24,0.0
medium_actions_rejected,C_no_medium,25,0.0
medium_actions_rejected,C_no_medium,26,0.0
medium_actions_rejected,C_no_medium,27,0.0
medium_actions_rejected,C_no_medium,28,0.0
medium_actions_rejected,C_no_medium,29,0.0
medium_actions_rejected,D_no_slow,0,367.0
medium_actions_rejected,D_no_slow,1,372.0
medium_actions_rejected,D_no_slow,2,390.0
medium_actions_rejected,D_no_slow,3,388.0
medium_actions_rejected,D_no_slow,4,385.0
medium_actions_rejected,D_no_slow,5,361.0
medium_actions_rejected,D_no_slow,6,365.0
medium_actions_rejected,D_no_slow,7,370.0
medium_actions_rejected,D_no_slow,8,385.0
medium_actions_rejected,D_no_slow,9,345.0
medium_actions_rejected,D_no_slow,10,369.0
medium_actions_rejected,D_no_slow,11,380.0
medium_actions_rejected,D_no_slow,12,378.0
medium_actions_rejected,D_no_slow,13,389.0
medium_actions_rejected,D_no_slow,14,365.0
medium_actions_rejected,D_no_slow,15,371.0
medium_actions_rejected,D_no_slow,16,371.0
medium_actions_rejected,D_no_slow,17,373.0
medium_actions_rejected,D_no_slow,18,369.0
medium_actions_rejected,D_no_slow,19,378.0
medium_actions_rejected,D_no_slow,20,381.0
medium_actions_rejected,D_no_slow,21,374.0
medium_actions_rejected,D_no_slow,22,376.0
medium_actions_rejected,D_no_slow,23,365.0
medium_actions_rejected,D_no_slow,24,366.0
medium_actions_rejected,D_no_slow,25,363.0
medium_actions_rejected,D_no_slow,26,374.0
medium_actions_rejected,D_no_slow,27,372.0
medium_actions_rejected,D_no_slow,28,374.0
medium_actions_rejected,D_no_slow,29,363.0
medium_actions_rejected,E_full_umro,0,372.0
medium_actions_rejected,E_full_umro,1,374.0
medium_actions_rejected,E_full_umro,2,376.0
medium_actions_rejected,E_full_umro,3,400.0
medium_actions_rejected,E_full_umro,4,389.0
medium_actions_rejected,E_full_umro,5,371.0
medium_actions_rejected,E_full_umro,6,375.0
medium_actions_rejected,E_full_umro,7,397.0
medium_actions_rejected,E_full_umro,8,373.0
medium_actions_rejected,E_full_umro,9,398.0
medium_actions_rejected,E_full_umro,10,366.0
medium_actions_rejected,E_full_umro,11,375.0
medium_actions_rejected,E_full_umro,12,375.0
medium_actions_rejected,E_full_umro,13,370.0
medium_actions_rejected,E_full_umro,14,382.0
medium_actions_rejected,E_full_umro,15,372.0
medium_actions_rejected,E_full_umro,16,393.0
medium_actions_rejected,E_full_umro,17,374.0
medium_actions_rejected,E_full_umro,18,377.0
medium_actions_rejected,E_full_umro,19,403.0
medium_actions_rejected,E_full_umro,20,379.0
medium_actions_rejected,E_full_umro,21,377.0
medium_actions_rejected,E_full_umro,22,381.0
medium_actions_rejected,E_full_umro,23,376.0
medium_actions_rejected,E_full_umro,24,376.0
medium_actions_rejected,E_full_umro,25,371.0
medium_actions_rejected,E_full_umro,26,374.0
medium_actions_rejected,E_full_umro,27,376.0
medium_actions_rejected,E_full_umro,28,374.0
medium_actions_rejected,E_full_umro,29,369.0
slow_updates,A_hard_static,0,0.0
slow_updates,A_hard_static,1,0.0
slow_updates,A_hard_static,2,0.0
slow_updates,A_hard_static,3,0.0
slow_updates,A_hard_static,4,0.0
slow_updates,A_hard_static,5,0.0
slow_updates,A_hard_static,6,0.0
slow_updates,A_hard_static,7,0.0
slow_updates,A_hard_static,8,0.0
slow_updates,A_hard_static,9,0.0
slow_updates,A_hard_static,10,0.0
slow_updates,A_hard_static,11,0.0
slow_updates,A_hard_static,12,0.0
slow_updates,A_hard_static,13,0.0
slow_updates,A_hard_static,14,0.0
slow_updates,A_hard_static,15,0.0
slow_updates,A_hard_static,16,0.0
slow_updates,A_hard_static,17,0.0
slow_updates,A_hard_static,18,0.0
slow_updates,A_hard_static,19,0.0
slow_updates,A_hard_static,20,0.0
slow_updates,A_hard_static,21,0.0
slow_updates,A_hard_static,22,0.0
slow_updates,A_hard_static,23,0.0
slow_updates,A_hard_static,24,0.0
slow_updates,A_hard_static,25,0.0
slow_updates,A_hard_static,26,0.0
slow_updates,A_hard_static,27,0.0
slow_updates,A_hard_static,28,0.0
slow_updates,A_hard_static,29,0.0
slow_updates,B_soft_pool,0,0.0
slow_updates,B_soft_pool,1,0.0
slow_updates,B_soft_pool,2,0.0
slow_updates,B_soft_pool,3,0.0
slow_updates,B_soft_pool,4,0.0
slow_updates,B_soft_pool,5,0.0
slow_updates,B_soft_pool,6,0.0
slow_updates,B_soft_pool,7,0.0
slow_updates,B_soft_pool,8,0.0
slow_updates,B_soft_pool,9,0.0
slow_updates,B_soft_pool,10,0.0
slow_updates,B_soft_pool,11,0.0
slow_updates,B_soft_pool,12,0.0
slow_updates,B_soft_pool,13,0.0
slow_updates,B_soft_pool,14,0.0
slow_updates,B_soft_pool,15,0.0
slow_updates,B_soft_pool,16,0.0
slow_updates,B_soft_pool,17,0.0
slow_updates,B_soft_pool,18,0.0
slow_updates,B_soft_pool,19,0.0
slow_updates,B_soft_pool,20,0.0
slow_updates,B_soft_pool,21,0.0
slow_updates,B_soft_pool,22,0.0
slow_updates,B_soft_pool,23,0.0
slow_updates,B_soft_pool,24,0.0
slow_updates,B_soft_pool,25,0.0
slow_updates,B_soft_pool,26,0.0
slow_updates,B_soft_pool,27,0.0
slow_updates,B_soft_pool,28,0.0
slow_updates,B_soft_pool,29,0.0
slow_updates,C_no_medium,0,30.0
slow_updates,C_no_medium,1,30.0
slow_updates,C_no_medium,2,30.0
slow_updates,C_no_medium,3,30.0
slow_updates,C_no_medium,4,30.0
slow_updates,C_no_medium,5,30.0
slow_updates,C_no_medium,6,30.0
slow_updates,C_no_medium,7,30.0
slow_updates,C_no_medium,8,30.0
slow_updates,C_no_medium,9,30.0
slow_updates,C_no_medium,10,30.0
slow_updates,C_no_medium,11,30.0
slow_updates,C_no_medium,12,30.0
slow_updates,C_no_medium,13,30.0
slow_updates,C_no_medium,14,30.0
slow_updates,C_no_medium,15,30.0
slow_updates,C_no_medium,16,30.0
slow_updates,C_no_medium,17,30.0
slow_updates,C_no_medium,18,30.0
slow_updates,C_no_medium,19,30.0
slow_updates,C_no_medium,20,30.0
slow_updates,C_no_medium,21,30.0
slow_updates,C_no_medium,22,30.0
slow_updates,C_no_medium,23,30.0
slow_updates,C_no_medium,24,30.0
slow_updates,C_no_medium,25,30.0
slow_updates,C_no_medium,26,30.0
slow_updates,C_no_medium,27,30.0
slow_updates,C_no_medium,28,30.0
slow_updates,C_no_medium,29,30.0
slow_updates,D_no_slow,0,0.0
slow_updates,D_no_slow,1,0.0
slow_updates,D_no_slow,2,0.0
slow_updates,D_no_slow,3,0.0
slow_updates,D_no_slow,4,0.0
slow_updates,D_no_slow,5,0.0
slow_updates,D_no_slow,6,0.0
slow_updates,D_no_slow,7,0.0
slow_updates,D_no_slow,8,0.0
slow_updates,D_no_slow,9,0.0
slow_updates,D_no_slow,10,0.0
slow_updates,D_no_slow,11,0.0
slow_updates,D_no_slow,12,0.0
slow_updates,D_no_slow,13,0.0
slow_updates,D_no_slow,14,0.0
slow_updates,D_no_slow,15,0.0
slow_updates,D_no_slow,16,0.0
slow_updates,D_no_slow,17,0.0
slow_updates,D_no_slow,18,0.0
slow_updates,D_no_slow,19,0.0
slow_updates,D_no_slow,20,0.0
slow_updates,D_no_slow,21,0.0
slow_updates,D_no_slow,22,0.0
slow_updates,D_no_slow,23,0.0
slow_updates,D_no_slow,24,0.0
slow_updates,D_no_slow,25,0.0
slow_updates,D_no_slow,26,0.0
slow_updates,D_no_slow,27,0.0
slow_updates,D_no_slow,28,0.0
slow_updates,D_no_slow,29,0.0
slow_updates,E_full_umro,0,30.0
slow_updates,E_full_umro,1,30.0
slow_updates,E_full_umro,2,30.0
slow_updates,E_full_umro,3,30.0
slow_updates,E_full_umro,4,30.0
slow_updates,E_full_umro,5,30.0
slow_updates,E_full_umro,6,30.0
slow_updates,E_full_umro,7,30.0
slow_updates,E_full_umro,8,30.0
slow_updates,E_full_umro,9,30.0
slow_updates,E_full_umro,10,30.0
slow_updates,E_full_umro,11,30.0
slow_updates,E_full_umro,12,30.0
slow_updates,E_full_umro,13,30.0
slow_updates,E_full_umro,14,30.0
slow_updates,E_full_umro,15,30.0
slow_updates,E_full_umro,16,30.0
slow_updates,E_full_umro,17,30.0
slow_updates,E_full_umro,18,30.0
slow_updates,E_full_umro,19,30.0
slow_updates,E_full_umro,20,30.0
slow_updates,E_full_umro,21,30.0
slow_updates,E_full_umro,22,30.0
slow_updates,E_full_umro,23,30.0
slow_updates,E_full_umro,24,30.0
slow_updates,E_full_umro,25,30.0
slow_updates,E_full_umro,26,30.0
slow_updates,E_full_umro,27,30.0
slow_updates,E_full_umro,28,30.0
slow_updates,E_full_umro,29,30.0
throughput_eMBB_mbps,A_hard_static,0,109.85235200142336
throughput_eMBB_mbps,A_hard_static,1,110.10676444859503
throughput_eMBB_mbps,A_hard_static,2,110.19816631406276
throughput_eMBB_mbps,A_hard_static,3,110.15015184859769
throughput_eMBB_mbps,A_hard_static,4,110.18990787837411
throughput_eMBB_mbps,A_hard_static,5,110.31652487660226
throughput_eMBB_mbps,A_hard_static,6,110.43378141400997
throughput_eMBB_mbps,A_hard_static,7,109.8888183411786
throughput_eMBB_mbps,A_hard_static,8,110.04854087033746
throughput_eMBB_mbps,A_hard_static,9,109.58509310875566
throughput_eMBB_mbps,A_hard_static,10,110.3467189835334
throughput_eMBB_mbps,A_hard_static,11,109.37473922098252
throughput_eMBB_mbps,A_hard_static,12,110.2461470237875
throughput_eMBB_mbps,A_hard_static,13,109.84486842997521
throughput_eMBB_mbps,A_hard_static,14,109.96774081223903
throughput_eMBB_mbps,A_hard_static,15,110.42092867261618
throughput_eMBB_mbps,A_hard_static,16,110.01348281154736
throughput_eMBB_mbps,A_hard_static,17,109.99165925698033
throughput_eMBB_mbps,A_hard_static,18,110.3804740325659
throughput_eMBB_mbps,A_hard_static,19,109.60011032519692
throughput_eMBB_mbps,A_hard_static,20,110.21708142164653
throughput_eMBB_mbps,A_hard_static,21,110.31550028513823
throughput_eMBB_mbps,A_hard_static,22,110.36667059679948
throughput_eMBB_mbps,A_hard_static,23,110.52659295469212
throughput_eMBB_mbps,A_hard_static,24,110.50898854732814
throughput_eMBB_mbps,A_hard_static,25,110.27950189079101
throughput_eMBB_mbps,A_hard_static,26,110.01181002231066
throughput_eMBB_mbps,A_hard_static,27,110.42500620986634
throughput_eMBB_mbps,A_hard_static,28,110.26828337363884
throughput_eMBB_mbps,A_hard_static,29,110.33120794085124
throughput_eMBB_mbps,B_soft_pool,0,111.72238582087095
throughput_eMBB_mbps,B_soft_pool,1,111.65332004950236
throughput_eMBB_mbps,B_soft_pool,2,111.67189235704713
throughput_eMBB_mbps,B_soft_pool,3,111.61687336616114
throughput_eMBB_mbps,B_soft_pool,4,111.84420635920776
throughput_eMBB_mbps,B_soft_pool,5,111.8248665813126
throughput_eMBB_mbps,B_soft_pool,6,112.27441166950688
throughput_eMBB_mbps,B_soft_pool,7,111.58536973052861
throughput_eMBB_mbps,B_soft_pool,8,111.7824941025285
throughput_eMBB_mbps,B_soft_pool,9,111.81999698812338
throughput_eMBB_mbps,B_soft_pool,10,111.30653392212076
throughput_eMBB_mbps,B_soft_pool,11,111.68962223617781
throughput_eMBB_mbps,B_soft_pool,12,111.37509226119562
throughput_eMBB_mbps,B_soft_pool,13,111.68723158222915
throughput_eMBB_mbps,B_soft_pool,14,111.58229665563995
throughput_eMBB_mbps,B_soft_pool,15,111.56888895619258
throughput_eMBB_mbps,B_soft_pool,16,112.01185909548666
throughput_eMBB_mbps,B_soft_pool,17,111.64882792016772
throughput_eMBB_mbps,B_soft_pool,18,111.99177194587445
throughput_eMBB_mbps,B_soft_pool,19,112.2239945492691
throughput_eMBB_mbps,B_soft_pool,20,111.40062398973188
throughput_eMBB_mbps,B_soft_pool,21,111.77385614062923
throughput_eMBB_mbps,B_soft_pool,22,111.70703968790694
throughput_eMBB_mbps,B_soft_pool,23,111.97829299424242
throughput_eMBB_mbps,B_soft_pool,24,111.55528108406577
throughput_eMBB_mbps,B_soft_pool,25,111.75629678486064
throughput_eMBB_mbps,B_soft_pool,26,111.9727006757121
throughput_eMBB_mbps,B_soft_pool,27,111.9923389896707
throughput_eMBB_mbps,B_soft_pool,28,111.96015890633014
throughput_eMBB_mbps,B_soft_pool,29,111.55895078863567
throughput_eMBB_mbps,C_no_medium,0,111.72238582086541
throughput_eMBB_mbps,C_no_medium,1,111.65332004949703
throughput_eMBB_mbps,C_no_medium,2,111.67189235704416
throughput_eMBB_mbps,C_no_medium,3,111.61698404868498
throughput_eMBB_mbps,C_no_medium,4,111.84420635920526
throughput_eMBB_mbps,C_no_medium,5,111.82486658130752
throughput_eMBB_mbps,C_no_medium,6,112.27441166950096
throughput_eMBB_mbps,C_no_medium,7,111.58536973052453
throughput_eMBB_mbps,C_no_medium,8,111.78249410252009
throughput_eMBB_mbps,C_no_medium,9,111.81999698812018
throughput_eMBB_mbps,C_no_medium,10,111.30653392211522
throughput_eMBB_mbps,C_no_medium,11,111.68962223617412
throughput_eMBB_mbps,C_no_medium,12,111.37546752805514
throughput_eMBB_mbps,C_no_medium,13,111.68723158222215
throughput_eMBB_mbps,C_no_medium,14,111.58229665563532
throughput_eMBB_mbps,C_no_medium,15,111.5688889561873
throughput_eMBB_mbps,C_no_medium,16,112.01185909548076
throughput_eMBB_mbps,C_no_medium,17,111.64882792016358
throughput_eMBB_mbps,C_no_medium,18,111.99177194586692
throughput_eMBB_mbps,C_no_medium,19,112.22399454926779
throughput_eMBB_mbps,C_no_medium,20,111.40062398972543
throughput_eMBB_mbps,C_no_medium,21,111.77385614062479
throughput_eMBB_mbps,C_no_medium,22,111.70703968790113
throughput_eMBB_mbps,C_no_medium,23,111.97829299423991
throughput_eMBB_mbps,C_no_medium,24,111.55528108405754
throughput_eMBB_mbps,C_no_medium,25,111.75629678485365
throughput_eMBB_mbps,C_no_medium,26,111.97270067570456
throughput_eMBB_mbps,C_no_medium,27,111.99233898966276
throughput_eMBB_mbps,C_no_medium,28,111.96015890631978
throughput_eMBB_mbps,C_no_medium,29,111.55895078862794
throughput_eMBB_mbps,D_no_slow,0,108.99949460258395
throughput_eMBB_mbps,D_no_slow,1,109.20165802141501
throughput_eMBB_mbps,D_no_slow,2,105.39294327943354
throughput_eMBB_mbps,D_no_slow,3,105.11483271718431
throughput_eMBB_mbps,D_no_slow,4,109.22360464985755
throughput_eMBB_mbps,D_no_slow,5,111.40132144527706
throughput_eMBB_mbps,D_no_slow,6,109.7676039488391
throughput_eMBB_mbps,D_no_slow,7,105.04366078218014
throughput_eMBB_mbps,D_no_slow,8,105.38415695730737
throughput_eMBB_mbps,D_no_slow,9,111.44393517411453
throughput_eMBB_mbps,D_no_slow,10,110.9597780699181
throughput_eMBB_mbps,D_no_slow,11,108.79232219342583
throughput_eMBB_mbps,D_no_slow,12,110.94731371823562
throughput_eMBB_mbps,D_no_slow,13,108.83039216150557
throughput_eMBB_mbps,D_no_slow,14,109.03965447019837
throughput_eMBB_mbps,D_no_slow,15,109.3312194531459
throughput_eMBB_mbps,D_no_slow,16,109.15987877681978
throughput_eMBB_mbps,D_no_slow,17,109.05669058286118
throughput_eMBB_mbps,D_no_slow,18,105.84252297881463
throughput_eMBB_mbps,D_no_slow,19,109.22032082436655
throughput_eMBB_mbps,D_no_slow,20,105.08518393478153
throughput_eMBB_mbps,D_no_slow,21,111.44952218706126
throughput_eMBB_mbps,D_no_slow,22,109.30436949799171
throughput_eMBB_mbps,D_no_slow,23,109.36972307902197
throughput_eMBB_mbps,D_no_slow,24,111.24553949764092
throughput_eMBB_mbps,D_no_slow,25,111.27226547929186
throughput_eMBB_mbps,D_no_slow,26,111.40944414445352
throughput_eMBB_mbps,D_no_slow,27,109.44724978516521
throughput_eMBB_mbps,D_no_slow,28,109.46652750361615
throughput_eMBB_mbps,D_no_slow,29,111.23691198220057
throughput_eMBB_mbps,E_full_umro,0,111.72238582086405
throughput_eMBB_mbps,E_full_umro,1,111.65332004949774
throughput_eMBB_mbps,E_full_umro,2,111.67189235704323
throughput_eMBB_mbps,E_full_umro,3,109.50390721867959
throughput_eMBB_mbps,E_full_umro,4,109.67770413853947
throughput_eMBB_mbps,E_full_umro,5,111.82486658130863
throughput_eMBB_mbps,E_full_umro,6,112.27441166950274
throughput_eMBB_mbps,E_full_umro,7,109.32486543523987
throughput_eMBB_mbps,E_full_umro,8,111.78249410251817
throughput_eMBB_mbps,E_full_umro,9,109.64415927515338
throughput_eMBB_mbps,E_full_umro,10,111.30653392211313
throughput_eMBB_mbps,E_full_umro,11,111.68962223617467
throughput_eMBB_mbps,E_full_umro,12,111.37546752805618
throughput_eMBB_mbps,E_full_umro,13,111.68723158222171
throughput_eMBB_mbps,E_full_umro,14,111.58229665563549
throughput_eMBB_mbps,E_full_umro,15,111.5688889561866
throughput_eMBB_mbps,E_full_umro,16,109.61980501544346
throughput_eMBB_mbps,E_full_umro,17,111.64882792016226
throughput_eMBB_mbps,E_full_umro,18,111.99177194586606
throughput_eMBB_mbps,E_full_umro,19,109.64748184307926
throughput_eMBB_mbps,E_full_umro,20,111.40062398972718
throughput_eMBB_mbps,E_full_umro,21,111.77385614062429
throughput_eMBB_mbps,E_full_umro,22,111.70703968790038
throughput_eMBB_mbps,E_full_umro,23,111.9782929942407
throughput_eMBB_mbps,E_full_umro,24,111.55528108405744
throughput_eMBB_mbps,E_full_umro,25,111.75629678485427
throughput_eMBB_mbps,E_full_umro,26,111.97270067570416
throughput_eMBB_mbps,E_full_umro,27,111.99233898966183
throughput_eMBB_mbps,E_full_umro,28,111.96015890631978
throughput_eMBB_mbps,E_full_umro,29,111.55895078862754
mean_hol_delay_eMBB_ms,A_hard_static,0,791.5567708333333
mean_hol_delay_eMBB_ms,A_hard_static,1,736.125925
mean_hol_delay_eMBB_ms,A_hard_static,2,732.443225
mean_hol_delay_eMBB_ms,A_hard_static,3,716.3109916666667
mean_hol_delay_eMBB_ms,A_hard_static,4,756.4719166666666
mean_hol_delay_eMBB_ms,A_hard_static,5,728.3051375
mean_hol_delay_eMBB_ms,A_hard_static,6,761.3518083333333
mean_hol_delay_eMBB_ms,A_hard_static,7,751.2310958333334
mean_hol_delay_eMBB_ms,A_hard_static,8,770.2586166666666
mean_hol_delay_eMBB_ms,A_hard_static,9,859.1038083333333
mean_hol_delay_eMBB_ms,A_hard_static,10,648.0984458333334
mean_hol_delay_eMBB_ms,A_hard_static,11,804.3913583333333
mean_hol_delay_eMBB_ms,A_hard_static,12,694.7346708333333
mean_hol_delay_eMBB_ms,A_hard_static,13,754.7385166666667
mean_hol_delay_eMBB_ms,A_hard_static,14,733.057125
mean_hol_delay_eMBB_ms,A_hard_static,15,696.5057208333334
mean_hol_delay_eMBB_ms,A_hard_static,16,788.7005541666666
mean_hol_delay_eMBB_ms,A_hard_static,17,716.1652708333334
mean_hol_delay_eMBB_ms,A_hard_static,18,760.977125
mean_hol_delay_eMBB_ms,A_hard_static,19,870.47585
mean_hol_delay_eMBB_ms,A_hard_static,20,684.2955041666667
mean_hol_delay_eMBB_ms,A_hard_static,21,706.6855041666666
mean_hol_delay_eMBB_ms,A_hard_static,22,714.1148
mean_hol_delay_eMBB_ms,A_hard_static,23,720.1927625
mean_hol_delay_eMBB_ms,A_hard_static,24,670.2275083333334
mean_hol_delay_eMBB_ms,A_hard_static,25,728.175525
mean_hol_delay_eMBB_ms,A_hard_static,26,781.2098041666667
mean_hol_delay_eMBB_ms,A_hard_static,27,739.0588958333333
mean_hol_delay_eMBB_ms,A_hard_static,28,753.3034291666667
mean_hol_delay_eMBB_ms,A_hard_static,29,682.0855791666667
mean_hol_delay_eMBB_ms,B_soft_pool,0,5.2108083333333335
mean_hol_delay_eMBB_ms,B_soft_pool,1,5.6874625
mean_hol_delay_eMBB_ms,B_soft_pool,2,4.700770833333333
mean_hol_delay_eMBB_ms,B_soft_pool,3,4.47355
mean_hol_delay_eMBB_ms,B_soft_pool,4,4.8075
mean_hol_delay_eMBB_ms,B_soft_pool,5,5.1304125
mean_hol_delay_eMBB_ms,B_soft_pool,6,5.0886125
mean_hol_delay_eMBB_ms,B_soft_pool,7,5.314941666666667
mean_hol_delay_eMBB_ms,B_soft_pool,8,5.603341666666667
mean_hol_delay_eMBB_ms,B_soft_pool,9,4.742208333333333
mean_hol_delay_eMBB_ms,B_soft_pool,10,5.719833333333334
mean_hol_delay_eMBB_ms,B_soft_pool,11,5.141420833333333
mean_hol_delay_eMBB_ms,B_soft_pool,12,5.427708333333333
mean_hol_delay_eMBB_ms,B_soft_pool,13,5.63485
mean_hol_delay_eMBB_ms,B_soft_pool,14,5.736570833333333
mean_hol_delay_eMBB_ms,B_soft_pool,15,5.198641666666667
mean_hol_delay_eMBB_ms,B_soft_pool,16,5.5382541666666665
mean_hol_delay_eMBB_ms,B_soft_pool,17,5.2201458333333335
mean_hol_delay_eMBB_ms,B_soft_pool,18,5.531016666666667
mean_hol_delay_eMBB_ms,B_soft_pool,19,4.589270833333333
mean_hol_delay_eMBB_ms,B_soft_pool,20,5.7609625
mean_hol_delay_eMBB_ms,B_soft_pool,21,5.059325
mean_hol_delay_eMBB_ms,B_soft_pool,22,5.4783125
mean_hol_delay_eMBB_ms,B_soft_pool,23,4.671945833333333
mean_hol_delay_eMBB_ms,B_soft_pool,24,5.5451
mean_hol_delay_eMBB_ms,B_soft_pool,25,5.341054166666667
mean_hol_delay_eMBB_ms,B_soft_pool,26,5.176129166666667
mean_hol_delay_eMBB_ms,B_soft_pool,27,5.657141666666667
mean_hol_delay_eMBB_ms,B_soft_pool,28,5.534295833333333
mean_hol_delay_eMBB_ms,B_soft_pool,29,5.685029166666666
mean_hol_delay_eMBB_ms,C_no_medium,0,0.13528333333333334
mean_hol_delay_eMBB_ms,C_no_medium,1,0.17875833333333332
mean_hol_delay_eMBB_ms,C_no_medium,2,0.14399166666666666
mean_hol_delay_eMBB_ms,C_no_medium,3,0.17265833333333333
mean_hol_delay_eMBB_ms,C_no_medium,4,0.12189166666666666
mean_hol_delay_eMBB_ms,C_no_medium,5,0.16650833333333334
mean_hol_delay_eMBB_ms,C_no_medium,6,0.119975
mean_hol_delay_eMBB_ms,C_no_medium,7,0.12805416666666666
mean_hol_delay_eMBB_ms,C_no_medium,8,0.18995416666666667
mean_hol_delay_eMBB_ms,C_no_medium,9,0.20333333333333334
mean_hol_delay_eMBB_ms,C_no_medium,10,0.1009875
mean_hol_delay_eMBB_ms,C_no_medium,11,0.2274875
mean_hol_delay_eMBB_ms,C_no_medium,12,0.11379583333333333
mean_hol_delay_eMBB_ms,C_no_medium,13,0.2304375
mean_hol_delay_eMBB_ms,C_no_medium,14,0.21349583333333333
mean_hol_delay_eMBB_ms,C_no_medium,15,0.11118333333333333
mean_hol_delay_eMBB_ms,C_no_medium,16,0.151775
mean_hol_delay_eMBB_ms,C_no_medium,17,0.17399166666666666
mean_hol_delay_eMBB_ms,C_no_medium,18,0.12057083333333334
mean_hol_delay_eMBB_ms,C_no_medium,19,0.1516625
mean_hol_delay_eMBB_ms,C_no_medium,20,0.17874583333333333
mean_hol_delay_eMBB_ms,C_no_medium,21,0.13238333333333333
mean_hol_delay_eMBB_ms,C_no_medium,22,0.211525
mean_hol_delay_eMBB_ms,C_no_medium,23,0.206675
mean_hol_delay_eMBB_ms,C_no_medium,24,0.10595416666666667
mean_hol_delay_eMBB_ms,C_no_medium,25,0.145225
mean_hol_delay_eMBB_ms,C_no_medium,26,0.14165833333333333
mean_hol_delay_eMBB_ms,C_no_medium,27,0.1091625
mean_hol_delay_eMBB_ms,C_no_medium,28,0.16362083333333333
mean_hol_delay_eMBB_ms,C_no_medium,29,0.16984583333333333
mean_hol_delay_eMBB_ms,D_no_slow,0,35.858725
mean_hol_delay_eMBB_ms,D_no_slow,1,34.8970625
mean_hol_delay_eMBB_ms,D_no_slow,2,91.37084583333333
mean_hol_delay_eMBB_ms,D_no_slow,3,89.79194583333333
mean_hol_delay_eMBB_ms,D_no_slow,4,34.49585
mean_hol_delay_eMBB_ms,D_no_slow,5,17.358516666666667
mean_hol_delay_eMBB_ms,D_no_slow,6,32.3079375
mean_hol_delay_eMBB_ms,D_no_slow,7,85.75635416666667
mean_hol_delay_eMBB_ms,D_no_slow,8,90.5535875
mean_hol_delay_eMBB_ms,D_no_slow,9,21.118020833333333
mean_hol_delay_eMBB_ms,D_no_slow,10,17.631595833333332
mean_hol_delay_eMBB_ms,D_no_slow,11,38.8476
mean_hol_delay_eMBB_ms,D_no_slow,12,18.575891666666667
mean_hol_delay_eMBB_ms,D_no_slow,13,36.02097083333334
mean_hol_delay_eMBB_ms,D_no_slow,14,34.57604166666667
mean_hol_delay_eMBB_ms,D_no_slow,15,34.7344875
mean_hol_delay_eMBB_ms,D_no_slow,16,36.3158625
mean_hol_delay_eMBB_ms,D_no_slow,17,31.434879166666665
mean_hol_delay_eMBB_ms,D_no_slow,18,79.95417916666666
mean_hol_delay_eMBB_ms,D_no_slow,19,38.4308375
mean_hol_delay_eMBB_ms,D_no_slow,20,87.3150625
mean_hol_delay_eMBB_ms,D_no_slow,21,17.51695
mean_hol_delay_eMBB_ms,D_no_slow,22,35.292091666666664
mean_hol_delay_eMBB_ms,D_no_slow,23,35.34229166666667
mean_hol_delay_eMBB_ms,D_no_slow,24,17.762970833333334
mean_hol_delay_eMBB_ms,D_no_slow,25,18.6441125
mean_hol_delay_eMBB_ms,D_no_slow,26,20.0564875
mean_hol_delay_eMBB_ms,D_no_slow,27,33.099975
mean_hol_delay_eMBB_ms,D_no_slow,28,32.657066666666665
mean_hol_delay_eMBB_ms,D_no_slow,29,17.272779166666666
mean_hol_delay_eMBB_ms,E_full_umro,0,0.7724583333333334
mean_hol_delay_eMBB_ms,E_full_umro,1,0.3968375
mean_hol_delay_eMBB_ms,E_full_umro,2,0.26042916666666666
mean_hol_delay_eMBB_ms,E_full_umro,3,32.149166666666666
mean_hol_delay_eMBB_ms,E_full_umro,4,32.8847375
mean_hol_delay_eMBB_ms,E_full_umro,5,0.4093541666666667
mean_hol_delay_eMBB_ms,E_full_umro,6,0.3055
mean_hol_delay_eMBB_ms,E_full_umro,7,33.936275
mean_hol_delay_eMBB_ms,E_full_umro,8,0.4222
mean_hol_delay_eMBB_ms,E_full_umro,9,36.954970833333334
mean_hol_delay_eMBB_ms,E_full_umro,10,0.4588625
mean_hol_delay_eMBB_ms,E_full_umro,11,2.3652333333333333
mean_hol_delay_eMBB_ms,E_full_umro,12,0.43430416666666666
mean_hol_delay_eMBB_ms,E_full_umro,13,0.8538625
mean_hol_delay_eMBB_ms,E_full_umro,14,0.4585958333333333
mean_hol_delay_eMBB_ms,E_full_umro,15,0.226
mean_hol_delay_eMBB_ms,E_full_umro,16,33.995583333333336
mean_hol_delay_eMBB_ms,E_full_umro,17,0.6982333333333334
mean_hol_delay_eMBB_ms,E_full_umro,18,0.277425
mean_hol_delay_eMBB_ms,E_full_umro,19,36.512820833333336
mean_hol_delay_eMBB_ms,E_full_umro,20,1.0940833333333333
mean_hol_delay_eMBB_ms,E_full_umro,21,1.6026333333333334
mean_hol_delay_eMBB_ms,E_full_umro,22,0.2801375
mean_hol_delay_eMBB_ms,E_full_umro,23,0.3704875
mean_hol_delay_eMBB_ms,E_full_umro,24,0.26943333333333336
mean_hol_delay_eMBB_ms,E_full_umro,25,0.5062291666666666
mean_hol_delay_eMBB_ms,E_full_umro,26,0.554675
mean_hol_delay_eMBB_ms,E_full_umro,27,0.3210125
mean_hol_delay_eMBB_ms,E_full_umro,28,0.5502375
mean_hol_delay_eMBB_ms,E_full_umro,29,0.3825208333333333
sla_satisfaction_eMBB,A_hard_static,0,0.34
sla_satisfaction_eMBB,A_hard_static,1,0.32
sla_satisfaction_eMBB,A_hard_static,2,0.3233333333333333
sla_satisfaction_eMBB,A_hard_static,3,0.345
sla_satisfaction_eMBB,A_hard_static,4,0.3233333333333333
sla_satisfaction_eMBB,A_hard_static,5,0.34833333333333333
sla_satisfaction_eMBB,A_hard_static,6,0.33166666666666667
sla_satisfaction_eMBB,A_hard_static,7,0.305
sla_satisfaction_eMBB,A_hard_static,8,0.33666666666666667
sla_satisfaction_eMBB,A_hard_static,9,0.315
sla_satisfaction_eMBB,A_hard_static,10,0.34833333333333333
sla_satisfaction_eMBB,A_hard_static,11,0.31
sla_satisfaction_eMBB,A_hard_static,12,0.32166666666666666
sla_satisfaction_eMBB,A_hard_static,13,0.31
sla_satisfaction_eMBB,A_hard_static,14,0.3233333333333333
sla_satisfaction_eMBB,A_hard_static,15,0.34833333333333333
sla_satisfaction_eMBB,A_hard_static,16,0.33
sla_satisfaction_eMBB,A_hard_static,17,0.33166666666666667
sla_satisfaction_eMBB,A_hard_static,18,0.33166666666666667
sla_satisfaction_eMBB,A_hard_static,19,0.305
sla_satisfaction_eMBB,A_hard_static,20,0.32166666666666666
sla_satisfaction_eMBB,A_hard_static,21,0.31666666666666665
sla_satisfaction_eMBB,A_hard_static,22,0.3416666666666667
sla_satisfaction_eMBB,A_hard_static,23,0.31833333333333336
sla_satisfaction_eMBB,A_hard_static,24,0.32666666666666666
sla_satisfaction_eMBB,A_hard_static,25,0.31833333333333336
sla_satisfaction_eMBB,A_hard_static,26,0.305
sla_satisfaction_eMBB,A_hard_static,27,0.33
sla_satisfaction_eMBB,A_hard_static,28,0.33
sla_satisfaction_eMBB,A_hard_static,29,0.3283333333333333
sla_satisfaction_eMBB,B_soft_pool,0,0.755
sla_satisfaction_eMBB,B_soft_pool,1,0.72
sla_satisfaction_eMBB,B_soft_pool,2,0.715
sla_satisfaction_eMBB,B_soft_pool,3,0.7283333333333334
sla_satisfaction_eMBB,B_soft_pool,4,0.7133333333333334
sla_satisfaction_eMBB,B_soft_pool,5,0.7166666666666667
sla_satisfaction_eMBB,B_soft_pool,6,0.7233333333333334
sla_satisfaction_eMBB,B_soft_pool,7,0.705
sla_satisfaction_eMBB,B_soft_pool,8,0.7316666666666667
sla_satisfaction_eMBB,B_soft_pool,9,0.715
sla_satisfaction_eMBB,B_soft_pool,10,0.7233333333333334
sla_satisfaction_eMBB,B_soft_pool,11,0.7416666666666667
sla_satisfaction_eMBB,B_soft_pool,12,0.7
sla_satisfaction_eMBB,B_soft_pool,13,0.73
sla_satisfaction_eMBB,B_soft_pool,14,0.7233333333333334
sla_satisfaction_eMBB,B_soft_pool,15,0.7133333333333334
sla_satisfaction_eMBB,B_soft_pool,16,0.7416666666666667
sla_satisfaction_eMBB,B_soft_pool,17,0.7183333333333334
sla_satisfaction_eMBB,B_soft_pool,18,0.715
sla_satisfaction_eMBB,B_soft_pool,19,0.7366666666666667
sla_satisfaction_eMBB,B_soft_pool,20,0.7166666666666667
sla_satisfaction_eMBB,B_soft_pool,21,0.7066666666666667
sla_satisfaction_eMBB,B_soft_pool,22,0.7283333333333334
sla_satisfaction_eMBB,B_soft_pool,23,0.7183333333333334
sla_satisfaction_eMBB,B_soft_pool,24,0.7183333333333334
sla_satisfaction_eMBB,B_soft_pool,25,0.7
sla_satisfaction_eMBB,B_soft_pool,26,0.73
sla_satisfaction_eMBB,B_soft_pool,27,0.7266666666666667
sla_satisfaction_eMBB,B_soft_pool,28,0.72
sla_satisfaction_eMBB,B_soft_pool,29,0.7333333333333333
sla_satisfaction_eMBB,C_no_medium,0,0.865
sla_satisfaction_eMBB,C_no_medium,1,0.8283333333333334
sla_satisfaction_eMBB,C_no_medium,2,0.8416666666666667
sla_satisfaction_eMBB,C_no_medium,3,0.82
sla_satisfaction_eMBB,C_no_medium,4,0.8383333333333334
sla_satisfaction_eMBB,C_no_medium,5,0.8483333333333334
sla_satisfaction_eMBB,C_no_medium,6,0.855
sla_satisfaction_eMBB,C_no_medium,7,0.825
sla_satisfaction_eMBB,C_no_medium,8,0.8416666666666667
sla_satisfaction_eMBB,C_no_medium,9,0.84
sla_satisfaction_eMBB,C_no_medium,10,0.85
sla_satisfaction_eMBB,C_no_medium,11,0.8366666666666667
sla_satisfaction_eMBB,C_no_medium,12,0.8133333333333334
sla_satisfaction_eMBB,C_no_medium,13,0.8366666666666667
sla_satisfaction_eMBB,C_no_medium,14,0.84
sla_satisfaction_eMBB,C_no_medium,15,0.8466666666666667
sla_satisfaction_eMBB,C_no_medium,16,0.8633333333333333
sla_satisfaction_eMBB,C_no_medium,17,0.8366666666666667
sla_satisfaction_eMBB,C_no_medium,18,0.8483333333333334
sla_satisfaction_eMBB,C_no_medium,19,0.8466666666666667
sla_satisfaction_eMBB,C_no_medium,20,0.835
sla_satisfaction_eMBB,C_no_medium,21,0.8333333333333334
sla_satisfaction_eMBB,C_no_medium,22,0.8466666666666667
sla_satisfaction_eMBB,C_no_medium,23,0.845
sla_satisfaction_eMBB,C_no_medium,24,0.835
sla_satisfaction_eMBB,C_no_medium,25,0.8266666666666667
sla_satisfaction_eMBB,C_no_medium,26,0.8366666666666667
sla_satisfaction_eMBB,C_no_medium,27,0.8516666666666667
sla_satisfaction_eMBB,C_no_medium,28,0.8683333333333333
sla_satisfaction_eMBB,C_no_medium,29,0.8383333333333334
sla_satisfaction_eMBB,D_no_slow,0,0.6933333333333334
sla_satisfaction_eMBB,D_no_slow,1,0.67
sla_satisfaction_eMBB,D_no_slow,2,0.46
sla_satisfaction_eMBB,D_no_slow,3,0.45
sla_satisfaction_eMBB,D_no_slow,4,0.6683333333333333
sla_satisfaction_eMBB,D_no_slow,5,0.7516666666666667
sla_satisfaction_eMBB,D_no_slow,6,0.7016666666666667
sla_satisfaction_eMBB,D_no_slow,7,0.465
sla_satisfaction_eMBB,D_no_slow,8,0.4716666666666667
sla_satisfaction_eMBB,D_no_slow,9,0.7233333333333334
sla_satisfaction_eMBB,D_no_slow,10,0.7416666666666667
sla_satisfaction_eMBB,D_no_slow,11,0.6433333333333333
sla_satisfaction_eMBB,D_no_slow,12,0.715
sla_satisfaction_eMBB,D_no_slow,13,0.655
sla_satisfaction_eMBB,D_no_slow,14,0.675
sla_satisfaction_eMBB,D_no_slow,15,0.695
sla_satisfaction_eMBB,D_no_slow,16,0.6933333333333334
sla_satisfaction_eMBB,D_no_slow,17,0.6766666666666666
sla_satisfaction_eMBB,D_no_slow,18,0.505
sla_satisfaction_eMBB,D_no_slow,19,0.66
sla_satisfaction_eMBB,D_no_slow,20,0.4533333333333333
sla_satisfaction_eMBB,D_no_slow,21,0.7333333333333333
sla_satisfaction_eMBB,D_no_slow,22,0.6883333333333334
sla_satisfaction_eMBB,D_no_slow,23,0.6766666666666666
sla_satisfaction_eMBB,D_no_slow,24,0.7283333333333334
sla_satisfaction_eMBB,D_no_slow,25,0.7216666666666667
sla_satisfaction_eMBB,D_no_slow,26,0.73
sla_satisfaction_eMBB,D_no_slow,27,0.6983333333333334
sla_satisfaction_eMBB,D_no_slow,28,0.7033333333333334
sla_satisfaction_eMBB,D_no_slow,29,0.7333333333333333
sla_satisfaction_eMBB,E_full_umro,0,0.875
sla_satisfaction_eMBB,E_full_umro,1,0.8316666666666667
sla_satisfaction_eMBB,E_full_umro,2,0.8433333333333334
sla_satisfaction_eMBB,E_full_umro,3,0.69
sla_satisfaction_eMBB,E_full_umro,4,0.6883333333333334
sla_satisfaction_eMBB,E_full_umro,5,0.8516666666666667
sla_satisfaction_eMBB,E_full_umro,6,0.86
sla_satisfaction_eMBB,E_full_umro,7,0.6633333333333333
sla_satisfaction_eMBB,E_full_umro,8,0.8466666666666667
sla_satisfaction_eMBB,E_full_umro,9,0.685
sla_satisfaction_eMBB,E_full_umro,10,0.8533333333333334
sla_satisfaction_eMBB,E_full_umro,11,0.8333333333333334
sla_satisfaction_eMBB,E_full_umro,12,0.8266666666666667
sla_satisfaction_eMBB,E_full_umro,13,0.835
sla_satisfaction_eMBB,E_full_umro,14,0.845
sla_satisfaction_eMBB,E_full_umro,15,0.8483333333333334
sla_satisfaction_eMBB,E_full_umro,16,0.7016666666666667
sla_satisfaction_eMBB,E_full_umro,17,0.84
sla_satisfaction_eMBB,E_full_umro,18,0.8466666666666667
sla_satisfaction_eMBB,E_full_umro,19,0.6766666666666666
sla_satisfaction_eMBB,E_full_umro,20,0.8433333333333334
sla_satisfaction_eMBB,E_full_umro,21,0.84
sla_satisfaction_eMBB,E_full_umro,22,0.8433333333333334
sla_satisfaction_eMBB,E_full_umro,23,0.845
sla_satisfaction_eMBB,E_full_umro,24,0.835
sla_satisfaction_eMBB,E_full_umro,25,0.8233333333333334
sla_satisfaction_eMBB,E_full_umro,26,0.845
sla_satisfaction_eMBB,E_full_umro,27,0.855
sla_satisfaction_eMBB,E_full_umro,28,0.8633333333333333
sla_satisfaction_eMBB,E_full_umro,29,0.8416666666666667
mean_sfc_latency_eMBB_ms,A_hard_static,0,1.0575296108290788
mean_sfc_latency_eMBB_ms,A_hard_static,1,1.0575296108290788
mean_sfc_latency_eMBB_ms,A_hard_static,2,1.0575296108290788
mean_sfc_latency_eMBB_ms,A_hard_static,3,1.0575296108290788
mean_sfc_latency_eMBB_ms,A_hard_static,4,1.0575296108290788
mean_sfc_latency_eMBB_ms,A_hard_static,5,1.0575296108290788
mean_sfc_latency_eMBB_ms,A_hard_static,6,1.0575296108290788
mean_sfc_latency_eMBB_ms,A_hard_static,7,1.0575296108290788
mean_sfc_latency_eMBB_ms,A_hard_static,8,1.0575296108290788
mean_sfc_latency_eMBB_ms,A_hard_static,9,1.0575296108290788
mean_sfc_latency_eMBB_ms,A_hard_static,10,1.0575296108290788
mean_sfc_latency_eMBB_ms,A_hard_static,11,1.0575296108290788
mean_sfc_latency_eMBB_ms,A_hard_static,12,1.0575296108290788
mean_sfc_latency_eMBB_ms,A_hard_static,13,1.0575296108290788
mean_sfc_latency_eMBB_ms,A_hard_static,14,1.0575296108290788
mean_sfc_latency_eMBB_ms,A_hard_static,15,1.0575296108290788
mean_sfc_latency_eMBB_ms,A_hard_static,16,1.0575296108290788
mean_sfc_latency_eMBB_ms,A_hard_static,17,1.0575296108290788
mean_sfc_latency_eMBB_ms,A_hard_static,18,1.0575296108290788
mean_sfc_latency_eMBB_ms,A_hard_static,19,1.0575296108290788
mean_sfc_latency_eMBB_ms,A_hard_static,20,1.0575296108290788
mean_sfc_latency_eMBB_ms,A_hard_static,21,1.0575296108290788
mean_sfc_latency_eMBB_ms,A_hard_static,22,1.0575296108290788
mean_sfc_latency_eMBB_ms,A_hard_static,23,1.0575296108290788
mean_sfc_latency_eMBB_ms,A_hard_static,24,1.0575296108290788
mean_sfc_latency_eMBB_ms,A_hard_static,25,1.0575296108290788
mean_sfc_latency_eMBB_ms,A_hard_static,26,1.0575296108290788
mean_sfc_latency_eMBB_ms,A_hard_static,27,1.0575296108290788
mean_sfc_latency_eMBB_ms,A_hard_static,28,1.0575296108290788
mean_sfc_latency_eMBB_ms,A_hard_static,29,1.0575296108290788
mean_sfc_latency_eMBB_ms,B_soft_pool,0,1.0575296108290788
mean_sfc_latency_eMBB_ms,B_soft_pool,1,1.0575296108290788
mean_sfc_latency_eMBB_ms,B_soft_pool,2,1.0575296108290788
mean_sfc_latency_eMBB_ms,B_soft_pool,3,1.0575296108290788
mean_sfc_latency_eMBB_ms,B_soft_pool,4,1.0575296108290788
mean_sfc_latency_eMBB_ms,B_soft_pool,5,1.0575296108290788
mean_sfc_latency_eMBB_ms,B_soft_pool,6,1.0575296108290788
mean_sfc_latency_eMBB_ms,B_soft_pool,7,1.0575296108290788
mean_sfc_latency_eMBB_ms,B_soft_pool,8,1.0575296108290788
mean_sfc_latency_eMBB_ms,B_soft_pool,9,1.0575296108290788
mean_sfc_latency_eMBB_ms,B_soft_pool,10,1.0575296108290788
mean_sfc_latency_eMBB_ms,B_soft_pool,11,1.0575296108290788
mean_sfc_latency_eMBB_ms,B_soft_pool,12,1.0575296108290788
mean_sfc_latency_eMBB_ms,B_soft_pool,13,1.0575296108290788
mean_sfc_latency_eMBB_ms,B_soft_pool,14,1.0575296108290788
mean_sfc_latency_eMBB_ms,B_soft_pool,15,1.0575296108290788
mean_sfc_latency_eMBB_ms,B_soft_pool,16,1.0575296108290788
mean_sfc_latency_eMBB_ms,B_soft_pool,17,1.0575296108290788
mean_sfc_latency_eMBB_ms,B_soft_pool,18,1.0575296108290788
mean_sfc_latency_eMBB_ms,B_soft_pool,19,1.0575296108290788
mean_sfc_latency_eMBB_ms,B_soft_pool,20,1.0575296108290788
mean_sfc_latency_eMBB_ms,B_soft_pool,21,1.0575296108290788
mean_sfc_latency_eMBB_ms,B_soft_pool,22,1.0575296108290788
mean_sfc_latency_eMBB_ms,B_soft_pool,23,1.0575296108290788
mean_sfc_latency_eMBB_ms,B_soft_pool,24,1.0575296108290788
mean_sfc_latency_eMBB_ms,B_soft_pool,25,1.0575296108290788
mean_sfc_latency_eMBB_ms,B_soft_pool,26,1.0575296108290788
mean_sfc_latency_eMBB_ms,B_soft_pool,27,1.0575296108290788
mean_sfc_latency_eMBB_ms,B_soft_pool,28,1.0575296108290788
mean_sfc_latency_eMBB_ms,B_soft_pool,29,1.0575296108290788
mean_sfc_latency_eMBB_ms,C_no_medium,0,1.339856019947791
mean_sfc_latency_eMBB_ms,C_no_medium,1,1.339856019947791
mean_sfc_latency_eMBB_ms,C_no_medium,2,1.339856019947791
mean_sfc_latency_eMBB_ms,C_no_medium,3,1.339856019947791
mean_sfc_latency_eMBB_ms,C_no_medium,4,1.339856019947791
mean_sfc_latency_eMBB_ms,C_no_medium,5,1.339856019947791
mean_sfc_latency_eMBB_ms,C_no_medium,6,1.339856019947791
mean_sfc_latency_eMBB_ms,C_no_medium,7,1.339856019947791
mean_sfc_latency_eMBB_ms,C_no_medium,8,1.339856019947791
mean_sfc_latency_eMBB_ms,C_no_medium,9,1.339856019947791
mean_sfc_latency_eMBB_ms,C_no_medium,10,1.339856019947791
mean_sfc_latency_eMBB_ms,C_no_medium,11,1.339856019947791
mean_sfc_latency_eMBB_ms,C_no_medium,12,1.339856019947791
mean_sfc_latency_eMBB_ms,C_no_medium,13,1.339856019947791
mean_sfc_latency_eMBB_ms,C_no_medium,14,1.339856019947791
mean_sfc_latency_eMBB_ms,C_no_medium,15,1.339856019947791
mean_sfc_latency_eMBB_ms,C_no_medium,16,1.339856019947791
mean_sfc_latency_eMBB_ms,C_no_medium,17,1.339856019947791
mean_sfc_latency_eMBB_ms,C_no_medium,18,1.339856019947791
mean_sfc_latency_eMBB_ms,C_no_medium,19,1.339856019947791
mean_sfc_latency_eMBB_ms,C_no_medium,20,1.339856019947791
mean_sfc_latency_eMBB_ms,C_no_medium,21,1.339856019947791
mean_sfc_latency_eMBB_ms,C_no_medium,22,1.339856019947791
mean_sfc_latency_eMBB_ms,C_no_medium,23,1.339856019947791
mean_sfc_latency_eMBB_ms,C_no_medium,24,1.339856019947791
mean_sfc_latency_eMBB_ms,C_no_medium,25,1.339856019947791
mean_sfc_latency_eMBB_ms,C_no_medium,26,1.339856019947791
mean_sfc_latency_eMBB_ms,C_no_medium,27,1.339856019947791
mean_sfc_latency_eMBB_ms,C_no_medium,28,1.339856019947791
mean_sfc_latency_eMBB_ms,C_no_medium,29,1.339856019947791
mean_sfc_latency_eMBB_ms,D_no_slow,0,1.0575296108290788
mean_sfc_latency_eMBB_ms,D_no_slow,1,1.0575296108290788
mean_sfc_latency_eMBB_ms,D_no_slow,2,1.0575296108290788
mean_sfc_latency_eMBB_ms,D_no_slow,3,1.0575296108290788
mean_sfc_latency_eMBB_ms,D_no_slow,4,1.0575296108290788
mean_sfc_latency_eMBB_ms,D_no_slow,5,1.0575296108290788
mean_sfc_latency_eMBB_ms,D_no_slow,6,1.0575296108290788
mean_sfc_latency_eMBB_ms,D_no_slow,7,1.0575296108290788
mean_sfc_latency_eMBB_ms,D_no_slow,8,1.0575296108290788
mean_sfc_latency_eMBB_ms,D_no_slow,9,1.0575296108290788
mean_sfc_latency_eMBB_ms,D_no_slow,10,1.0575296108290788
mean_sfc_latency_eMBB_ms,D_no_slow,11,1.0575296108290788
mean_sfc_latency_eMBB_ms,D_no_slow,12,1.0575296108290788
mean_sfc_latency_eMBB_ms,D_no_slow,13,1.0575296108290788
mean_sfc_latency_eMBB_ms,D_no_slow,14,1.0575296108290788
mean_sfc_latency_eMBB_ms,D_no_slow,15,1.0575296108290788
mean_sfc_latency_eMBB_ms,D_no_slow,16,1.0575296108290788
mean_sfc_latency_eMBB_ms,D_no_slow,17,1.0575296108290788
mean_sfc_latency_eMBB_ms,D_no_slow,18,1.0575296108290788
mean_sfc_latency_eMBB_ms,D_no_slow,19,1.0575296108290788
mean_sfc_latency_eMBB_ms,D_no_slow,20,1.0575296108290788
mean_sfc_latency_eMBB_ms,D_no_slow,21,1.0575296108290788
mean_sfc_latency_eMBB_ms,D_no_slow,22,1.0575296108290788
mean_sfc_latency_eMBB_ms,D_no_slow,23,1.0575296108290788
mean_sfc_latency_eMBB_ms,D_no_slow,24,1.0575296108290788
mean_sfc_latency_eMBB_ms,D_no_slow,25,1.0575296108290788
mean_sfc_latency_eMBB_ms,D_no_slow,26,1.0575296108290788
mean_sfc_latency_eMBB_ms,D_no_slow,27,1.0575296108290788
mean_sfc_latency_eMBB_ms,D_no_slow,28,1.0575296108290788
mean_sfc_latency_eMBB_ms,D_no_slow,29,1.0575296108290788
mean_sfc_latency_eMBB_ms,E_full_umro,0,1.339856019947791
mean_sfc_latency_eMBB_ms,E_full_umro,1,1.339856019947791
mean_sfc_latency_eMBB_ms,E_full_umro,2,1.339856019947791
mean_sfc_latency_eMBB_ms,E_full_umro,3,1.339856019947791
mean_sfc_latency_eMBB_ms,E_full_umro,4,1.339856019947791
mean_sfc_latency_eMBB_ms,E_full_umro,5,1.339856019947791
mean_sfc_latency_eMBB_ms,E_full_umro,6,1.339856019947791
mean_sfc_latency_eMBB_ms,E_full_umro,7,1.339856019947791
mean_sfc_latency_eMBB_ms,E_full_umro,8,1.339856019947791
mean_sfc_latency_eMBB_ms,E_full_umro,9,1.339856019947791
mean_sfc_latency_eMBB_ms,E_full_umro,10,1.339856019947791
mean_sfc_latency_eMBB_ms,E_full_umro,11,1.339856019947791
mean_sfc_latency_eMBB_ms,E_full_umro,12,1.339856019947791
mean_sfc_latency_eMBB_ms,E_full_umro,13,1.339856019947791
mean_sfc_latency_eMBB_ms,E_full_umro,14,1.339856019947791
mean_sfc_latency_eMBB_ms,E_full_umro,15,1.339856019947791
mean_sfc_latency_eMBB_ms,E_full_umro,16,1.339856019947791
mean_sfc_latency_eMBB_ms,E_full_umro,17,1.339856019947791
mean_sfc_latency_eMBB_ms,E_full_umro,18,1.339856019947791
mean_sfc_latency_eMBB_ms,E_full_umro,19,1.339856019947791
mean_sfc_latency_eMBB_ms,E_full_umro,20,1.339856019947791
mean_sfc_latency_eMBB_ms,E_full_umro,21,1.339856019947791
mean_sfc_latency_eMBB_ms,E_full_umro,22,1.339856019947791
mean_sfc_latency_eMBB_ms,E_full_umro,23,1.339856019947791
mean_sfc_latency_eMBB_ms,E_full_umro,24,1.339856019947791
mean_sfc_latency_eMBB_ms,E_full_umro,25,1.339856019947791
mean_sfc_latency_eMBB_ms,E_full_umro,26,1.339856019947791
mean_sfc_latency_eMBB_ms,E_full_umro,27,1.339856019947791
mean_sfc_latency_eMBB_ms,E_full_umro,28,1.339856019947791
mean_sfc_latency_eMBB_ms,E_full_umro,29,1.339856019947791
throughput_URLLC_mbps,A_hard_static,0,25.26596840059332
throughput_URLLC_mbps,A_hard_static,1,25.23383105205142
throughput_URLLC_mbps,A_hard_static,2,25.267252469337272
throughput_URLLC_mbps,A_hard_static,3,25.30177600938711
throughput_URLLC_mbps,A_hard_static,4,25.18613764580039
throughput_URLLC_mbps,A_hard_static,5,25.224052906757166
throughput_URLLC_mbps,A_hard_static,6,25.1648812472926
throughput_URLLC_mbps,A_hard_static,7,25.2073917911254
throughput_URLLC_mbps,A_hard_static,8,25.21801583263995
throughput_URLLC_mbps,A_hard_static,9,25.21515674700602
throughput_URLLC_mbps,A_hard_static,10,25.22883840968818
throughput_URLLC_mbps,A_hard_static,11,25.160984435535052
throughput_URLLC_mbps,A_hard_static,12,25.197046927123704
throughput_URLLC_mbps,A_hard_static,13,25.19666374940582
throughput_URLLC_mbps,A_hard_static,14,25.261104736360945
throughput_URLLC_mbps,A_hard_static,15,25.25201274934877
throughput_URLLC_mbps,A_hard_static,16,25.233039094983585
throughput_URLLC_mbps,A_hard_static,17,25.204833881199832
throughput_URLLC_mbps,A_hard_static,18,25.215231115365025
throughput_URLLC_mbps,A_hard_static,19,25.25194502452809
throughput_URLLC_mbps,A_hard_static,20,25.198898759419187
throughput_URLLC_mbps,A_hard_static,21,25.209221492938745
throughput_URLLC_mbps,A_hard_static,22,25.19641239204317
throughput_URLLC_mbps,A_hard_static,23,25.24792029916525
throughput_URLLC_mbps,A_hard_static,24,25.18744784381701
throughput_URLLC_mbps,A_hard_static,25,25.248854012053382
throughput_URLLC_mbps,A_hard_static,26,25.219636470244534
throughput_URLLC_mbps,A_hard_static,27,25.162919818234922
throughput_URLLC_mbps,A_hard_static,28,25.21239472009811
throughput_URLLC_mbps,A_hard_static,29,25.23764012321751
throughput_URLLC_mbps,B_soft_pool,0,25.265968400593458
throughput_URLLC_mbps,B_soft_pool,1,25.23383105205165
throughput_URLLC_mbps,B_soft_pool,2,25.267252469337404
throughput_URLLC_mbps,B_soft_pool,3,25.301776009387268
throughput_URLLC_mbps,B_soft_pool,4,25.186137645800464
throughput_URLLC_mbps,B_soft_pool,5,25.224052906757066
throughput_URLLC_mbps,B_soft_pool,6,25.16488124729283
throughput_URLLC_mbps,B_soft_pool,7,25.207391791125417
throughput_URLLC_mbps,B_soft_pool,8,25.218015832640123
throughput_URLLC_mbps,B_soft_pool,9,25.21515674700568
throughput_URLLC_mbps,B_soft_pool,10,25.22883840968796
throughput_URLLC_mbps,B_soft_pool,11,25.16098443553492
throughput_URLLC_mbps,B_soft_pool,12,25.19704692712363
throughput_URLLC_mbps,B_soft_pool,13,25.196663749405555
throughput_URLLC_mbps,B_soft_pool,14,25.261104736360778
throughput_URLLC_mbps,B_soft_pool,15,25.25201274934868
throughput_URLLC_mbps,B_soft_pool,16,25.233039094983422
throughput_URLLC_mbps,B_soft_pool,17,25.20483388120003
throughput_URLLC_mbps,B_soft_pool,18,25.215231115365135
throughput_URLLC_mbps,B_soft_pool,19,25.25194502452759
throughput_URLLC_mbps,B_soft_pool,20,25.198898759419713
throughput_URLLC_mbps,B_soft_pool,21,25.20922149293886
throughput_URLLC_mbps,B_soft_pool,22,25.196412392043353
throughput_URLLC_mbps,B_soft_pool,23,25.247920299164864
throughput_URLLC_mbps,B_soft_pool,24,25.187447843817363
throughput_URLLC_mbps,B_soft_pool,25,25.248854012053652
throughput_URLLC_mbps,B_soft_pool,26,25.219636470244286
throughput_URLLC_mbps,B_soft_pool,27,25.16291981823523
throughput_URLLC_mbps,B_soft_pool,28,25.212394720098146
throughput_URLLC_mbps,B_soft_pool,29,25.23764012321778
throughput_URLLC_mbps,C_no_medium,0,25.265968400593422
throughput_URLLC_mbps,C_no_medium,1,25.233831052051713
throughput_URLLC_mbps,C_no_medium,2,25.267252469337595
throughput_URLLC_mbps,C_no_medium,3,25.301776009387154
throughput_URLLC_mbps,C_no_medium,4,25.186137645800066
throughput_URLLC_mbps,C_no_medium,5,25.224052906757137
throughput_URLLC_mbps,C_no_medium,6,25.164881247292687
throughput_URLLC_mbps,C_no_medium,7,25.207391791125662
throughput_URLLC_mbps,C_no_medium,8,25.21801583263994
throughput_URLLC_mbps,C_no_medium,9,25.2151567470062
throughput_URLLC_mbps,C_no_medium,10,25.22883840968791
throughput_URLLC_mbps,C_no_medium,11,25.16098443553496
throughput_URLLC_mbps,C_no_medium,12,25.19704692712327
throughput_URLLC_mbps,C_no_medium,13,25.196663749405545
throughput_URLLC_mbps,C_no_medium,14,25.261104736360743
throughput_URLLC_mbps,C_no_medium,15,25.252012749348523
throughput_URLLC_mbps,C_no_medium,16,25.233039094983326
throughput_URLLC_mbps,C_no_medium,17,25.204833881199594
throughput_URLLC_mbps,C_no_medium,18,25.21523111536526
throughput_URLLC_mbps,C_no_medium,19,25.251945024527895
throughput_URLLC_mbps,C_no_medium,20,25.198898759419677
throughput_URLLC_mbps,C_no_medium,21,25.209221492938802
throughput_URLLC_mbps,C_no_medium,22,25.196412392043428
throughput_URLLC_mbps,C_no_medium,23,25.247920299164697
throughput_URLLC_mbps,C_no_medium,24,25.187447843817136
throughput_URLLC_mbps,C_no_medium,25,25.24885401205363
throughput_URLLC_mbps,C_no_medium,26,25.219636470244016
throughput_URLLC_mbps,C_no_medium,27,25.162919818234837
throughput_URLLC_mbps,C_no_medium,28,25.212394720097905
throughput_URLLC_mbps,C_no_medium,29,25.237640123217574
throughput_URLLC_mbps,D_no_slow,0,25.291947227797166
throughput_URLLC_mbps,D_no_slow,1,25.295050592017237
throughput_URLLC_mbps,D_no_slow,2,25.263122970703723
throughput_URLLC_mbps,D_no_slow,3,25.263570254792686
throughput_URLLC_mbps,D_no_slow,4,25.212899355915486
throughput_URLLC_mbps,D_no_slow,5,25.23399875186046
throughput_URLLC_mbps,D_no_slow,6,25.192084795809325
throughput_URLLC_mbps,D_no_slow,7,25.227379467090486
throughput_URLLC_mbps,D_no_slow,8,25.181171655215024
throughput_URLLC_mbps,D_no_slow,9,25.213408991845704
throughput_URLLC_mbps,D_no_slow,10,25.235352578097498
throughput_URLLC_mbps,D_no_slow,11,25.191180710778315
throughput_URLLC_mbps,D_no_slow,12,25.214321615734484
throughput_URLLC_mbps,D_no_slow,13,25.195396508093292
throughput_URLLC_mbps,D_no_slow,14,25.261456269138375
throughput_URLLC_mbps,D_no_slow,15,25.223458506926285
throughput_URLLC_mbps,D_no_slow,16,25.24224945548629
throughput_URLLC_mbps,D_no_slow,17,25.21972943762144
throughput_URLLC_mbps,D_no_slow,18,25.19411636053271
throughput_URLLC_mbps,D_no_slow,19,25.22593358480281
throughput_URLLC_mbps,D_no_slow,20,25.22975683992833
throughput_URLLC_mbps,D_no_slow,21,25.205817246109653
throughput_URLLC_mbps,D_no_slow,22,25.179577853607718
throughput_URLLC_mbps,D_no_slow,23,25.238941032149814
throughput_URLLC_mbps,D_no_slow,24,25.199411931543974
throughput_URLLC_mbps,D_no_slow,25,25.249729986210514
throughput_URLLC_mbps,D_no_slow,26,25.22117374661225
throughput_URLLC_mbps,D_no_slow,27,25.151952063582527
throughput_URLLC_mbps,D_no_slow,28,25.232202887689365
throughput_URLLC_mbps,D_no_slow,29,25.253148354889685
throughput_URLLC_mbps,E_full_umro,0,25.26596840059359
throughput_URLLC_mbps,E_full_umro,1,25.233831052051507
throughput_URLLC_mbps,E_full_umro,2,25.267252469337013
throughput_URLLC_mbps,E_full_umro,3,25.28990419403555
throughput_URLLC_mbps,E_full_umro,4,25.22746370820078
throughput_URLLC_mbps,E_full_umro,5,25.22405290675693
throughput_URLLC_mbps,E_full_umro,6,25.164881247292616
throughput_URLLC_mbps,E_full_umro,7,25.201996865084897
throughput_URLLC_mbps,E_full_umro,8,25.218015832640035
throughput_URLLC_mbps,E_full_umro,9,25.212428630257914
throughput_URLLC_mbps,E_full_umro,10,25.228838409687945
throughput_URLLC_mbps,E_full_umro,11,25.16098443553477
throughput_URLLC_mbps,E_full_umro,12,25.197046927123452
throughput_URLLC_mbps,E_full_umro,13,25.1966637494055
throughput_URLLC_mbps,E_full_umro,14,25.261104736360874
throughput_URLLC_mbps,E_full_umro,15,25.25201274934871
throughput_URLLC_mbps,E_full_umro,16,25.257744738949366
throughput_URLLC_mbps,E_full_umro,17,25.20483388119959
throughput_URLLC_mbps,E_full_umro,18,25.215231115365135
throughput_URLLC_mbps,E_full_umro,19,25.2583566523877
throughput_URLLC_mbps,E_full_umro,20,25.198898759419464
throughput_URLLC_mbps,E_full_umro,21,25.209221492938937
throughput_URLLC_mbps,E_full_umro,22,25.196412392043367
throughput_URLLC_mbps,E_full_umro,23,25.24792029916493
throughput_URLLC_mbps,E_full_umro,24,25.187447843817033
throughput_URLLC_mbps,E_full_umro,25,25.24885401205371
throughput_URLLC_mbps,E_full_umro,26,25.219636470244634
throughput_URLLC_mbps,E_full_umro,27,25.16291981823497
throughput_URLLC_mbps,E_full_umro,28,25.212394720098043
throughput_URLLC_mbps,E_full_umro,29,25.23764012321801
mean_hol_delay_URLLC_ms,A_hard_static,0,0.0004166666666666667
mean_hol_delay_URLLC_ms,A_hard_static,1,0.0008041666666666667
mean_hol_delay_URLLC_ms,A_hard_static,2,0.0001625
mean_hol_delay_URLLC_ms,A_hard_static,3,0.0002708333333333333
mean_hol_delay_URLLC_ms,A_hard_static,4,3.75e-05
mean_hol_delay_URLLC_ms,A_hard_static,5,5.833333333333333e-05
mean_hol_delay_URLLC_ms,A_hard_static,6,0.00022916666666666666
mean_hol_delay_URLLC_ms,A_hard_static,7,0.00019166666666666667
mean_hol_delay_URLLC_ms,A_hard_static,8,0.00014583333333333335
mean_hol_delay_URLLC_ms,A_hard_static,9,0.000125
mean_hol_delay_URLLC_ms,A_hard_static,10,0.0001625
mean_hol_delay_URLLC_ms,A_hard_static,11,0.0005708333333333333
mean_hol_delay_URLLC_ms,A_hard_static,12,0.0002
mean_hol_delay_URLLC_ms,A_hard_static,13,0.004954166666666667
mean_hol_delay_URLLC_ms,A_hard_static,14,0.000575
mean_hol_delay_URLLC_ms,A_hard_static,15,0.0002666666666666667
mean_hol_delay_URLLC_ms,A_hard_static,16,0.00017916666666666667
mean_hol_delay_URLLC_ms,A_hard_static,17,0.0001875
mean_hol_delay_URLLC_ms,A_hard_static,18,0.00010416666666666667
mean_hol_delay_URLLC_ms,A_hard_static,19,0.00010833333333333333
mean_hol_delay_URLLC_ms,A_hard_static,20,0.00014166666666666668
mean_hol_delay_URLLC_ms,A_hard_static,21,0.0014375
mean_hol_delay_URLLC_ms,A_hard_static,22,0.00021666666666666666
mean_hol_delay_URLLC_ms,A_hard_static,23,0.00037916666666666665
mean_hol_delay_URLLC_ms,A_hard_static,24,0.0004583333333333333
mean_hol_delay_URLLC_ms,A_hard_static,25,9.166666666666667e-05
mean_hol_delay_URLLC_ms,A_hard_static,26,4.1666666666666665e-05
mean_hol_delay_URLLC_ms,A_hard_static,27,2.5e-05
mean_hol_delay_URLLC_ms,A_hard_static,28,4.166666666666667e-06
mean_hol_delay_URLLC_ms,A_hard_static,29,0.0003958333333333333
mean_hol_delay_URLLC_ms,B_soft_pool,0,0.02115
mean_hol_delay_URLLC_ms,B_soft_pool,1,0.025366666666666666
mean_hol_delay_URLLC_ms,B_soft_pool,2,0.0125625
mean_hol_delay_URLLC_ms,B_soft_pool,3,0.016683333333333335
mean_hol_delay_URLLC_ms,B_soft_pool,4,0.009591666666666667
mean_hol_delay_URLLC_ms,B_soft_pool,5,0.015216666666666667
mean_hol_delay_URLLC_ms,B_soft_pool,6,0.01575
mean_hol_delay_URLLC_ms,B_soft_pool,7,0.015225
mean_hol_delay_URLLC_ms,B_soft_pool,8,0.014570833333333333
mean_hol_delay_URLLC_ms,B_soft_pool,9,0.0161
mean_hol_delay_URLLC_ms,B_soft_pool,10,0.0173125
mean_hol_delay_URLLC_ms,B_soft_pool,11,0.015045833333333333
mean_hol_delay_URLLC_ms,B_soft_pool,12,0.0111
mean_hol_delay_URLLC_ms,B_soft_pool,13,0.11349166666666667
mean_hol_delay_URLLC_ms,B_soft_pool,14,0.0135
mean_hol_delay_URLLC_ms,B_soft_pool,15,0.01435
mean_hol_delay_URLLC_ms,B_soft_pool,16,0.013608333333333333
mean_hol_delay_URLLC_ms,B_soft_pool,17,0.015083333333333334
mean_hol_delay_URLLC_ms,B_soft_pool,18,0.013483333333333333
mean_hol_delay_URLLC_ms,B_soft_pool,19,0.011370833333333333
mean_hol_delay_URLLC_ms,B_soft_pool,20,0.0162125
mean_hol_delay_URLLC_ms,B_soft_pool,21,0.031125
mean_hol_delay_URLLC_ms,B_soft_pool,22,0.016083333333333335
mean_hol_delay_URLLC_ms,B_soft_pool,23,0.018095833333333332
mean_hol_delay_URLLC_ms,B_soft_pool,24,0.0171625
mean_hol_delay_URLLC_ms,B_soft_pool,25,0.0142375
mean_hol_delay_URLLC_ms,B_soft_pool,26,0.011870833333333334
mean_hol_delay_URLLC_ms,B_soft_pool,27,0.011825
mean_hol_delay_URLLC_ms,B_soft_pool,28,0.015033333333333333
mean_hol_delay_URLLC_ms,B_soft_pool,29,0.018575
mean_hol_delay_URLLC_ms,C_no_medium,0,0.09655833333333333
mean_hol_delay_URLLC_ms,C_no_medium,1,0.2537333333333333
mean_hol_delay_URLLC_ms,C_no_medium,2,0.06070416666666666
mean_hol_delay_URLLC_ms,C_no_medium,3,0.07328333333333334
mean_hol_delay_URLLC_ms,C_no_medium,4,0.044908333333333335
mean_hol_delay_URLLC_ms,C_no_medium,5,0.05942083333333333
mean_hol_delay_URLLC_ms,C_no_medium,6,0.0755125
mean_hol_delay_URLLC_ms,C_no_medium,7,0.06422083333333334
mean_hol_delay_URLLC_ms,C_no_medium,8,0.0612
mean_hol_delay_URLLC_ms,C_no_medium,9,0.0558
mean_hol_delay_URLLC_ms,C_no_medium,10,0.0702875
mean_hol_delay_URLLC_ms,C_no_medium,11,0.04930416666666667
mean_hol_delay_URLLC_ms,C_no_medium,12,0.052
mean_hol_delay_URLLC_ms,C_no_medium,13,10.690720833333334
mean_hol_delay_URLLC_ms,C_no_medium,14,0.06309583333333334
mean_hol_delay_URLLC_ms,C_no_medium,15,0.0665625
mean_hol_delay_URLLC_ms,C_no_medium,16,0.0364125
mean_hol_delay_URLLC_ms,C_no_medium,17,0.043075
mean_hol_delay_URLLC_ms,C_no_medium,18,0.049916666666666665
mean_hol_delay_URLLC_ms,C_no_medium,19,0.058679166666666664
mean_hol_delay_URLLC_ms,C_no_medium,20,0.039975
mean_hol_delay_URLLC_ms,C_no_medium,21,0.13528333333333334
mean_hol_delay_URLLC_ms,C_no_medium,22,0.06269583333333334
mean_hol_delay_URLLC_ms,C_no_medium,23,0.06642916666666666
mean_hol_delay_URLLC_ms,C_no_medium,24,0.06817916666666667
mean_hol_delay_URLLC_ms,C_no_medium,25,0.06314583333333333
mean_hol_delay_URLLC_ms,C_no_medium,26,0.07369166666666667
mean_hol_delay_URLLC_ms,C_no_medium,27,0.0417875
mean_hol_delay_URLLC_ms,C_no_medium,28,0.0599625
mean_hol_delay_URLLC_ms,C_no_medium,29,0.07175
mean_hol_delay_URLLC_ms,D_no_slow,0,0.0008375
mean_hol_delay_URLLC_ms,D_no_slow,1,0.0012583333333333333
mean_hol_delay_URLLC_ms,D_no_slow,2,0.0003125
mean_hol_delay_URLLC_ms,D_no_slow,3,0.0004
mean_hol_delay_URLLC_ms,D_no_slow,4,0.000125
mean_hol_delay_URLLC_ms,D_no_slow,5,0.000425
mean_hol_delay_URLLC_ms,D_no_slow,6,0.0007083333333333334
mean_hol_delay_URLLC_ms,D_no_slow,7,0.00034166666666666666
mean_hol_delay_URLLC_ms,D_no_slow,8,0.00015
mean_hol_delay_URLLC_ms,D_no_slow,9,0.0008
mean_hol_delay_URLLC_ms,D_no_slow,10,0.0005083333333333333
mean_hol_delay_URLLC_ms,D_no_slow,11,0.0010666666666666667
mean_hol_delay_URLLC_ms,D_no_slow,12,0.0005333333333333334
mean_hol_delay_URLLC_ms,D_no_slow,13,0.007091666666666666
mean_hol_delay_URLLC_ms,D_no_slow,14,0.0008
mean_hol_delay_URLLC_ms,D_no_slow,15,0.0006625
mean_hol_delay_URLLC_ms,D_no_slow,16,0.0003708333333333333
mean_hol_delay_URLLC_ms,D_no_slow,17,0.0007166666666666667
mean_hol_delay_URLLC_ms,D_no_slow,18,0.00015833333333333332
mean_hol_delay_URLLC_ms,D_no_slow,19,0.00022083333333333333
mean_hol_delay_URLLC_ms,D_no_slow,20,0.0002666666666666667
mean_hol_delay_URLLC_ms,D_no_slow,21,0.0034125
mean_hol_delay_URLLC_ms,D_no_slow,22,0.0006208333333333334
mean_hol_delay_URLLC_ms,D_no_slow,23,0.000625
mean_hol_delay_URLLC_ms,D_no_slow,24,0.001025
mean_hol_delay_URLLC_ms,D_no_slow,25,0.00025833333333333334
mean_hol_delay_URLLC_ms,D_no_slow,26,0.00030416666666666667
mean_hol_delay_URLLC_ms,D_no_slow,27,0.00025
mean_hol_delay_URLLC_ms,D_no_slow,28,0.00023333333333333333
mean_hol_delay_URLLC_ms,D_no_slow,29,0.0008666666666666666
mean_hol_delay_URLLC_ms,E_full_umro,0,0.013191666666666668
mean_hol_delay_URLLC_ms,E_full_umro,1,0.014183333333333333
mean_hol_delay_URLLC_ms,E_full_umro,2,0.007054166666666667
mean_hol_delay_URLLC_ms,E_full_umro,3,0.0003875
mean_hol_delay_URLLC_ms,E_full_umro,4,9.583333333333334e-05
mean_hol_delay_URLLC_ms,E_full_umro,5,0.008308333333333333
mean_hol_delay_URLLC_ms,E_full_umro,6,0.009975
mean_hol_delay_URLLC_ms,E_full_umro,7,0.00029583333333333333
mean_hol_delay_URLLC_ms,E_full_umro,8,0.008125
mean_hol_delay_URLLC_ms,E_full_umro,9,0.00028333333333333335
mean_hol_delay_URLLC_ms,E_full_umro,10,0.003775
mean_hol_delay_URLLC_ms,E_full_umro,11,0.0095875
mean_hol_delay_URLLC_ms,E_full_umro,12,0.005941666666666666
mean_hol_delay_URLLC_ms,E_full_umro,13,0.1243375
mean_hol_delay_URLLC_ms,E_full_umro,14,0.008120833333333334
mean_hol_delay_URLLC_ms,E_full_umro,15,0.0082
mean_hol_delay_URLLC_ms,E_full_umro,16,0.0002375
mean_hol_delay_URLLC_ms,E_full_umro,17,0.007758333333333333
mean_hol_delay_URLLC_ms,E_full_umro,18,0.007745833333333334
mean_hol_delay_URLLC_ms,E_full_umro,19,0.000125
mean_hol_delay_URLLC_ms,E_full_umro,20,0.007545833333333333
mean_hol_delay_URLLC_ms,E_full_umro,21,0.005379166666666667
mean_hol_delay_URLLC_ms,E_full_umro,22,0.009179166666666667
mean_hol_delay_URLLC_ms,E_full_umro,23,0.0113625
mean_hol_delay_URLLC_ms,E_full_umro,24,0.0090375
mean_hol_delay_URLLC_ms,E_full_umro,25,0.007395833333333333
mean_hol_delay_URLLC_ms,E_full_umro,26,0.007754166666666667
mean_hol_delay_URLLC_ms,E_full_umro,27,0.0062
mean_hol_delay_URLLC_ms,E_full_umro,28,0.0074333333333333335
mean_hol_delay_URLLC_ms,E_full_umro,29,0.008670833333333332
sla_satisfaction_URLLC,A_hard_static,0,0.9166666666666666
sla_satisfaction_URLLC,A_hard_static,1,0.8916666666666667
sla_satisfaction_URLLC,A_hard_static,2,0.9016666666666666
sla_satisfaction_URLLC,A_hard_static,3,0.9133333333333333
sla_satisfaction_URLLC,A_hard_static,4,0.8966666666666666
sla_satisfaction_URLLC,A_hard_static,5,0.8933333333333333
sla_satisfaction_URLLC,A_hard_static,6,0.89
sla_satisfaction_URLLC,A_hard_static,7,0.8916666666666667
sla_satisfaction_URLLC,A_hard_static,8,0.89
sla_satisfaction_URLLC,A_hard_static,9,0.895
sla_satisfaction_URLLC,A_hard_static,10,0.9166666666666666
sla_satisfaction_URLLC,A_hard_static,11,0.8883333333333333
sla_satisfaction_URLLC,A_hard_static,12,0.895
sla_satisfaction_URLLC,A_hard_static,13,0.8966666666666666
sla_satisfaction_URLLC,A_hard_static,14,0.9
sla_satisfaction_URLLC,A_hard_static,15,0.9
sla_satisfaction_URLLC,A_hard_static,16,0.8766666666666667
sla_satisfaction_URLLC,A_hard_static,17,0.9083333333333333
sla_satisfaction_URLLC,A_hard_static,18,0.895
sla_satisfaction_URLLC,A_hard_static,19,0.905
sla_satisfaction_URLLC,A_hard_static,20,0.9
sla_satisfaction_URLLC,A_hard_static,21,0.9083333333333333
sla_satisfaction_URLLC,A_hard_static,22,0.89
sla_satisfaction_URLLC,A_hard_static,23,0.8916666666666667
sla_satisfaction_URLLC,A_hard_static,24,0.89
sla_satisfaction_URLLC,A_hard_static,25,0.9083333333333333
sla_satisfaction_URLLC,A_hard_static,26,0.8916666666666667
sla_satisfaction_URLLC,A_hard_static,27,0.895
sla_satisfaction_URLLC,A_hard_static,28,0.8766666666666667
sla_satisfaction_URLLC,A_hard_static,29,0.9033333333333333
sla_satisfaction_URLLC,B_soft_pool,0,0.9183333333333333
sla_satisfaction_URLLC,B_soft_pool,1,0.8933333333333333
sla_satisfaction_URLLC,B_soft_pool,2,0.9
sla_satisfaction_URLLC,B_soft_pool,3,0.9133333333333333
sla_satisfaction_URLLC,B_soft_pool,4,0.8966666666666666
sla_satisfaction_URLLC,B_soft_pool,5,0.8933333333333333
sla_satisfaction_URLLC,B_soft_pool,6,0.8883333333333333
sla_satisfaction_URLLC,B_soft_pool,7,0.8916666666666667
sla_satisfaction_URLLC,B_soft_pool,8,0.89
sla_satisfaction_URLLC,B_soft_pool,9,0.895
sla_satisfaction_URLLC,B_soft_pool,10,0.915
sla_satisfaction_URLLC,B_soft_pool,11,0.89
sla_satisfaction_URLLC,B_soft_pool,12,0.8966666666666666
sla_satisfaction_URLLC,B_soft_pool,13,0.865
sla_satisfaction_URLLC,B_soft_pool,14,0.9
sla_satisfaction_URLLC,B_soft_pool,15,0.8966666666666666
sla_satisfaction_URLLC,B_soft_pool,16,0.885
sla_satisfaction_URLLC,B_soft_pool,17,0.91
sla_satisfaction_URLLC,B_soft_pool,18,0.8933333333333333
sla_satisfaction_URLLC,B_soft_pool,19,0.9033333333333333
sla_satisfaction_URLLC,B_soft_pool,20,0.8966666666666666
sla_satisfaction_URLLC,B_soft_pool,21,0.905
sla_satisfaction_URLLC,B_soft_pool,22,0.8883333333333333
sla_satisfaction_URLLC,B_soft_pool,23,0.8966666666666666
sla_satisfaction_URLLC,B_soft_pool,24,0.8916666666666667
sla_satisfaction_URLLC,B_soft_pool,25,0.9083333333333333
sla_satisfaction_URLLC,B_soft_pool,26,0.8933333333333333
sla_satisfaction_URLLC,B_soft_pool,27,0.895
sla_satisfaction_URLLC,B_soft_pool,28,0.8766666666666667
sla_satisfaction_URLLC,B_soft_pool,29,0.9
sla_satisfaction_URLLC,C_no_medium,0,0.8883333333333333
sla_satisfaction_URLLC,C_no_medium,1,0.84
sla_satisfaction_URLLC,C_no_medium,2,0.8783333333333333
sla_satisfaction_URLLC,C_no_medium,3,0.8966666666666666
sla_satisfaction_URLLC,C_no_medium,4,0.8933333333333333
sla_satisfaction_URLLC,C_no_medium,5,0.8833333333333333
sla_satisfaction_URLLC,C_no_medium,6,0.8733333333333333
sla_satisfaction_URLLC,C_no_medium,7,0.88
sla_satisfaction_URLLC,C_no_medium,8,0.8816666666666667
sla_satisfaction_URLLC,C_no_medium,9,0.8816666666666667
sla_satisfaction_URLLC,C_no_medium,10,0.9033333333333333
sla_satisfaction_URLLC,C_no_medium,11,0.8833333333333333
sla_satisfaction_URLLC,C_no_medium,12,0.8966666666666666
sla_satisfaction_URLLC,C_no_medium,13,0.7516666666666667
sla_satisfaction_URLLC,C_no_medium,14,0.8933333333333333
sla_satisfaction_URLLC,C_no_medium,15,0.885
sla_satisfaction_URLLC,C_no_medium,16,0.8816666666666667
sla_satisfaction_URLLC,C_no_medium,17,0.9016666666666666
sla_satisfaction_URLLC,C_no_medium,18,0.8866666666666667
sla_satisfaction_URLLC,C_no_medium,19,0.8966666666666666
sla_satisfaction_URLLC,C_no_medium,20,0.895
sla_satisfaction_URLLC,C_no_medium,21,0.86
sla_satisfaction_URLLC,C_no_medium,22,0.875
sla_satisfaction_URLLC,C_no_medium,23,0.8783333333333333
sla_satisfaction_URLLC,C_no_medium,24,0.8766666666666667
sla_satisfaction_URLLC,C_no_medium,25,0.8883333333333333
sla_satisfaction_URLLC,C_no_medium,26,0.88
sla_satisfaction_URLLC,C_no_medium,27,0.89
sla_satisfaction_URLLC,C_no_medium,28,0.8633333333333333
sla_satisfaction_URLLC,C_no_medium,29,0.8816666666666667
sla_satisfaction_URLLC,D_no_slow,0,0.9216666666666666
sla_satisfaction_URLLC,D_no_slow,1,0.9033333333333333
sla_satisfaction_URLLC,D_no_slow,2,0.89
sla_satisfaction_URLLC,D_no_slow,3,0.9133333333333333
sla_satisfaction_URLLC,D_no_slow,4,0.89
sla_satisfaction_URLLC,D_no_slow,5,0.8983333333333333
sla_satisfaction_URLLC,D_no_slow,6,0.8933333333333333
sla_satisfaction_URLLC,D_no_slow,7,0.8933333333333333
sla_satisfaction_URLLC,D_no_slow,8,0.8833333333333333
sla_satisfaction_URLLC,D_no_slow,9,0.8966666666666666
sla_satisfaction_URLLC,D_no_slow,10,0.9183333333333333
sla_satisfaction_URLLC,D_no_slow,11,0.8933333333333333
sla_satisfaction_URLLC,D_no_slow,12,0.8983333333333333
sla_satisfaction_URLLC,D_no_slow,13,0.8866666666666667
sla_satisfaction_URLLC,D_no_slow,14,0.9066666666666666
sla_satisfaction_URLLC,D_no_slow,15,0.905
sla_satisfaction_URLLC,D_no_slow,16,0.89
sla_satisfaction_URLLC,D_no_slow,17,0.9
sla_satisfaction_URLLC,D_no_slow,18,0.8766666666666667
sla_satisfaction_URLLC,D_no_slow,19,0.8866666666666667
sla_satisfaction_URLLC,D_no_slow,20,0.9066666666666666
sla_satisfaction_URLLC,D_no_slow,21,0.9033333333333333
sla_satisfaction_URLLC,D_no_slow,22,0.8883333333333333
sla_satisfaction_URLLC,D_no_slow,23,0.8916666666666667
sla_satisfaction_URLLC,D_no_slow,24,0.89
sla_satisfaction_URLLC,D_no_slow,25,0.9016666666666666
sla_satisfaction_URLLC,D_no_slow,26,0.8983333333333333
sla_satisfaction_URLLC,D_no_slow,27,0.8966666666666666
sla_satisfaction_URLLC,D_no_slow,28,0.8833333333333333
sla_satisfaction_URLLC,D_no_slow,29,0.9033333333333333
sla_satisfaction_URLLC,E_full_umro,0,0.9183333333333333
sla_satisfaction_URLLC,E_full_umro,1,0.8933333333333333
sla_satisfaction_URLLC,E_full_umro,2,0.9
sla_satisfaction_URLLC,E_full_umro,3,0.9083333333333333
sla_satisfaction_URLLC,E_full_umro,4,0.8933333333333333
sla_satisfaction_URLLC,E_full_umro,5,0.8933333333333333
sla_satisfaction_URLLC,E_full_umro,6,0.8883333333333333
sla_satisfaction_URLLC,E_full_umro,7,0.8883333333333333
sla_satisfaction_URLLC,E_full_umro,8,0.89
sla_satisfaction_URLLC,E_full_umro,9,0.8966666666666666
sla_satisfaction_URLLC,E_full_umro,10,0.9183333333333333
sla_satisfaction_URLLC,E_full_umro,11,0.89
sla_satisfaction_URLLC,E_full_umro,12,0.895
sla_satisfaction_URLLC,E_full_umro,13,0.865
sla_satisfaction_URLLC,E_full_umro,14,0.9
sla_satisfaction_URLLC,E_full_umro,15,0.8983333333333333
sla_satisfaction_URLLC,E_full_umro,16,0.8866666666666667
sla_satisfaction_URLLC,E_full_umro,17,0.91
sla_satisfaction_URLLC,E_full_umro,18,0.8933333333333333
sla_satisfaction_URLLC,E_full_umro,19,0.89
sla_satisfaction_URLLC,E_full_umro,20,0.9016666666666666
sla_satisfaction_URLLC,E_full_umro,21,0.9083333333333333
sla_satisfaction_URLLC,E_full_umro,22,0.89
sla_satisfaction_URLLC,E_full_umro,23,0.8966666666666666
sla_satisfaction_URLLC,E_full_umro,24,0.8916666666666667
sla_satisfaction_URLLC,E_full_umro,25,0.91
sla_satisfaction_URLLC,E_full_umro,26,0.8933333333333333
sla_satisfaction_URLLC,E_full_umro,27,0.895
sla_satisfaction_URLLC,E_full_umro,28,0.875
sla_satisfaction_URLLC,E_full_umro,29,0.9
mean_sfc_latency_URLLC_ms,A_hard_static,0,0.7110352673483316
mean_sfc_latency_URLLC_ms,A_hard_static,1,0.7110352673483316
mean_sfc_latency_URLLC_ms,A_hard_static,2,0.7110352673483316
mean_sfc_latency_URLLC_ms,A_hard_static,3,0.7110352673483316
mean_sfc_latency_URLLC_ms,A_hard_static,4,0.7110352673483316
mean_sfc_latency_URLLC_ms,A_hard_static,5,0.7110352673483316
mean_sfc_latency_URLLC_ms,A_hard_static,6,0.7110352673483316
mean_sfc_latency_URLLC_ms,A_hard_static,7,0.7110352673483316
mean_sfc_latency_URLLC_ms,A_hard_static,8,0.7110352673483316
mean_sfc_latency_URLLC_ms,A_hard_static,9,0.7110352673483316
mean_sfc_latency_URLLC_ms,A_hard_static,10,0.7110352673483316
mean_sfc_latency_URLLC_ms,A_hard_static,11,0.7110352673483316
mean_sfc_latency_URLLC_ms,A_hard_static,12,0.7110352673483316
mean_sfc_latency_URLLC_ms,A_hard_static,13,0.7110352673483316
mean_sfc_latency_URLLC_ms,A_hard_static,14,0.7110352673483316
mean_sfc_latency_URLLC_ms,A_hard_static,15,0.7110352673483316
mean_sfc_latency_URLLC_ms,A_hard_static,16,0.7110352673483316
mean_sfc_latency_URLLC_ms,A_hard_static,17,0.7110352673483316
mean_sfc_latency_URLLC_ms,A_hard_static,18,0.7110352673483316
mean_sfc_latency_URLLC_ms,A_hard_static,19,0.7110352673483316
mean_sfc_latency_URLLC_ms,A_hard_static,20,0.7110352673483316
mean_sfc_latency_URLLC_ms,A_hard_static,21,0.7110352673483316
mean_sfc_latency_URLLC_ms,A_hard_static,22,0.7110352673483316
mean_sfc_latency_URLLC_ms,A_hard_static,23,0.7110352673483316
mean_sfc_latency_URLLC_ms,A_hard_static,24,0.7110352673483316
mean_sfc_latency_URLLC_ms,A_hard_static,25,0.7110352673483316
mean_sfc_latency_URLLC_ms,A_hard_static,26,0.7110352673483316
mean_sfc_latency_URLLC_ms,A_hard_static,27,0.7110352673483316
mean_sfc_latency_URLLC_ms,A_hard_static,28,0.7110352673483316
mean_sfc_latency_URLLC_ms,A_hard_static,29,0.7110352673483316
mean_sfc_latency_URLLC_ms,B_soft_pool,0,0.7110352673483316
mean_sfc_latency_URLLC_ms,B_soft_pool,1,0.7110352673483316
mean_sfc_latency_URLLC_ms,B_soft_pool,2,0.7110352673483316
mean_sfc_latency_URLLC_ms,B_soft_pool,3,0.7110352673483316
mean_sfc_latency_URLLC_ms,B_soft_pool,4,0.7110352673483316
mean_sfc_latency_URLLC_ms,B_soft_pool,5,0.7110352673483316
mean_sfc_latency_URLLC_ms,B_soft_pool,6,0.7110352673483316
mean_sfc_latency_URLLC_ms,B_soft_pool,7,0.7110352673483316
mean_sfc_latency_URLLC_ms,B_soft_pool,8,0.7110352673483316
mean_sfc_latency_URLLC_ms,B_soft_pool,9,0.7110352673483316
mean_sfc_latency_URLLC_ms,B_soft_pool,10,0.7110352673483316
mean_sfc_latency_URLLC_ms,B_soft_pool,11,0.7110352673483316
mean_sfc_latency_URLLC_ms,B_soft_pool,12,0.7110352673483316
mean_sfc_latency_URLLC_ms,B_soft_pool,13,0.7110352673483316
mean_sfc_latency_URLLC_ms,B_soft_pool,14,0.7110352673483316
mean_sfc_latency_URLLC_ms,B_soft_pool,15,0.7110352673483316
mean_sfc_latency_URLLC_ms,B_soft_pool,16,0.7110352673483316
mean_sfc_latency_URLLC_ms,B_soft_pool,17,0.7110352673483316
mean_sfc_latency_URLLC_ms,B_soft_pool,18,0.7110352673483316
mean_sfc_latency_URLLC_ms,B_soft_pool,19,0.7110352673483316
mean_sfc_latency_URLLC_ms,B_soft_pool,20,0.7110352673483316
mean_sfc_latency_URLLC_ms,B_soft_pool,21,0.7110352673483316
mean_sfc_latency_URLLC_ms,B_soft_pool,22,0.7110352673483316
mean_sfc_latency_URLLC_ms,B_soft_pool,23,0.7110352673483316
mean_sfc_latency_URLLC_ms,B_soft_pool,24,0.7110352673483316
mean_sfc_latency_URLLC_ms,B_soft_pool,25,0.7110352673483316
mean_sfc_latency_URLLC_ms,B_soft_pool,26,0.7110352673483316
mean_sfc_latency_URLLC_ms,B_soft_pool,27,0.7110352673483316
mean_sfc_latency_URLLC_ms,B_soft_pool,28,0.7110352673483316
mean_sfc_latency_URLLC_ms,B_soft_pool,29,0.7110352673483316
mean_sfc_latency_URLLC_ms,C_no_medium,0,0.8167790529741142
mean_sfc_latency_URLLC_ms,C_no_medium,1,0.8167790529741142
mean_sfc_latency_URLLC_ms,C_no_medium,2,0.8167790529741142
mean_sfc_latency_URLLC_ms,C_no_medium,3,0.8167790529741142
mean_sfc_latency_URLLC_ms,C_no_medium,4,0.8167790529741142
mean_sfc_latency_URLLC_ms,C_no_medium,5,0.8167790529741142
mean_sfc_latency_URLLC_ms,C_no_medium,6,0.8167790529741142
mean_sfc_latency_URLLC_ms,C_no_medium,7,0.8167790529741142
mean_sfc_latency_URLLC_ms,C_no_medium,8,0.8167790529741142
mean_sfc_latency_URLLC_ms,C_no_medium,9,0.8167790529741142
mean_sfc_latency_URLLC_ms,C_no_medium,10,0.8167790529741142
mean_sfc_latency_URLLC_ms,C_no_medium,11,0.8167790529741142
mean_sfc_latency_URLLC_ms,C_no_medium,12,0.8167790529741142
mean_sfc_latency_URLLC_ms,C_no_medium,13,0.8167790529741142
mean_sfc_latency_URLLC_ms,C_no_medium,14,0.8167790529741142
mean_sfc_latency_URLLC_ms,C_no_medium,15,0.8167790529741142
mean_sfc_latency_URLLC_ms,C_no_medium,16,0.8167790529741142
mean_sfc_latency_URLLC_ms,C_no_medium,17,0.8167790529741142
mean_sfc_latency_URLLC_ms,C_no_medium,18,0.8167790529741142
mean_sfc_latency_URLLC_ms,C_no_medium,19,0.8167790529741142
mean_sfc_latency_URLLC_ms,C_no_medium,20,0.8167790529741142
mean_sfc_latency_URLLC_ms,C_no_medium,21,0.8167790529741142
mean_sfc_latency_URLLC_ms,C_no_medium,22,0.8167790529741142
mean_sfc_latency_URLLC_ms,C_no_medium,23,0.8167790529741142
mean_sfc_latency_URLLC_ms,C_no_medium,24,0.8167790529741142
mean_sfc_latency_URLLC_ms,C_no_medium,25,0.8167790529741142
mean_sfc_latency_URLLC_ms,C_no_medium,26,0.8167790529741142
mean_sfc_latency_URLLC_ms,C_no_medium,27,0.8167790529741142
mean_sfc_latency_URLLC_ms,C_no_medium,28,0.8167790529741142
mean_sfc_latency_URLLC_ms,C_no_medium,29,0.8167790529741142
mean_sfc_latency_URLLC_ms,D_no_slow,0,0.7110352673483316
mean_sfc_latency_URLLC_ms,D_no_slow,1,0.7110352673483316
mean_sfc_latency_URLLC_ms,D_no_slow,2,0.7110352673483316
mean_sfc_latency_URLLC_ms,D_no_slow,3,0.7110352673483316
mean_sfc_latency_URLLC_ms,D_no_slow,4,0.7110352673483316
mean_sfc_latency_URLLC_ms,D_no_slow,5,0.7110352673483316
mean_sfc_latency_URLLC_ms,D_no_slow,6,0.7110352673483316
mean_sfc_latency_URLLC_ms,D_no_slow,7,0.7110352673483316
mean_sfc_latency_URLLC_ms,D_no_slow,8,0.7110352673483316
mean_sfc_latency_URLLC_ms,D_no_slow,9,0.7110352673483316
mean_sfc_latency_URLLC_ms,D_no_slow,10,0.7110352673483316
mean_sfc_latency_URLLC_ms,D_no_slow,11,0.7110352673483316
mean_sfc_latency_URLLC_ms,D_no_slow,12,0.7110352673483316
mean_sfc_latency_URLLC_ms,D_no_slow,13,0.7110352673483316
mean_sfc_latency_URLLC_ms,D_no_slow,14,0.7110352673483316
mean_sfc_latency_URLLC_ms,D_no_slow,15,0.7110352673483316
mean_sfc_latency_URLLC_ms,D_no_slow,16,0.7110352673483316
mean_sfc_latency_URLLC_ms,D_no_slow,17,0.7110352673483316
mean_sfc_latency_URLLC_ms,D_no_slow,18,0.7110352673483316
mean_sfc_latency_URLLC_ms,D_no_slow,19,0.7110352673483316
mean_sfc_latency_URLLC_ms,D_no_slow,20,0.7110352673483316
mean_sfc_latency_URLLC_ms,D_no_slow,21,0.7110352673483316
mean_sfc_latency_URLLC_ms,D_no_slow,22,0.7110352673483316
mean_sfc_latency_URLLC_ms,D_no_slow,23,0.7110352673483316
mean_sfc_latency_URLLC_ms,D_no_slow,24,0.7110352673483316
mean_sfc_latency_URLLC_ms,D_no_slow,25,0.7110352673483316
mean_sfc_latency_URLLC_ms,D_no_slow,26,0.7110352673483316
mean_sfc_latency_URLLC_ms,D_no_slow,27,0.7110352673483316
mean_sfc_latency_URLLC_ms,D_no_slow,28,0.7110352673483316
mean_sfc_latency_URLLC_ms,D_no_slow,29,0.7110352673483316
mean_sfc_latency_URLLC_ms,E_full_umro,0,0.8167790529741142
mean_sfc_latency_URLLC_ms,E_full_umro,1,0.8167790529741142
mean_sfc_latency_URLLC_ms,E_full_umro,2,0.8167790529741142
mean_sfc_latency_URLLC_ms,E_full_umro,3,0.8167790529741142
mean_sfc_latency_URLLC_ms,E_full_umro,4,0.8167790529741142
mean_sfc_latency_URLLC_ms,E_full_umro,5,0.8167790529741142
mean_sfc_latency_URLLC_ms,E_full_umro,6,0.8167790529741142
mean_sfc_latency_URLLC_ms,E_full_umro,7,0.8167790529741142
mean_sfc_latency_URLLC_ms,E_full_umro,8,0.8167790529741142
mean_sfc_latency_URLLC_ms,E_full_umro,9,0.8167790529741142
mean_sfc_latency_URLLC_ms,E_full_umro,10,0.8167790529741142
mean_sfc_latency_URLLC_ms,E_full_umro,11,0.8167790529741142
mean_sfc_latency_URLLC_ms,E_full_umro,12,0.8167790529741142
mean_sfc_latency_URLLC_ms,E_full_umro,13,0.8167790529741142
mean_sfc_latency_URLLC_ms,E_full_umro,14,0.8167790529741142
mean_sfc_latency_URLLC_ms,E_full_umro,15,0.8167790529741142
mean_sfc_latency_URLLC_ms,E_full_umro,16,0.8167790529741142
mean_sfc_latency_URLLC_ms,E_full_umro,17,0.8167790529741142
mean_sfc_latency_URLLC_ms,E_full_umro,18,0.8167790529741142
mean_sfc_latency_URLLC_ms,E_full_umro,19,0.8167790529741142
mean_sfc_latency_URLLC_ms,E_full_umro,20,0.8167790529741142
mean_sfc_latency_URLLC_ms,E_full_umro,21,0.8167790529741142
mean_sfc_latency_URLLC_ms,E_full_umro,22,0.8167790529741142
mean_sfc_latency_URLLC_ms,E_full_umro,23,0.8167790529741142
mean_sfc_latency_URLLC_ms,E_full_umro,24,0.8167790529741142
mean_sfc_latency_URLLC_ms,E_full_umro,25,0.8167790529741142
mean_sfc_latency_URLLC_ms,E_full_umro,26,0.8167790529741142
mean_sfc_latency_URLLC_ms,E_full_umro,27,0.8167790529741142
mean_sfc_latency_URLLC_ms,E_full_umro,28,0.8167790529741142
mean_sfc_latency_URLLC_ms,E_full_umro,29,0.8167790529741142
throughput_mMTC_mbps,A_hard_static,0,3.5896664592375465
throughput_mMTC_mbps,A_hard_static,1,3.567895769305407
throughput_mMTC_mbps,A_hard_static,2,3.595089410936128
throughput_mMTC_mbps,A_hard_static,3,3.5849907717183838
throughput_mMTC_mbps,A_hard_static,4,3.5937137608296603
throughput_mMTC_mbps,A_hard_static,5,3.5701830231924285
throughput_mMTC_mbps,A_hard_static,6,3.5818384189303365
throughput_mMTC_mbps,A_hard_static,7,3.5817267871916805
throughput_mMTC_mbps,A_hard_static,8,3.5812647466626273
throughput_mMTC_mbps,A_hard_static,9,3.578301339363207
throughput_mMTC_mbps,A_hard_static,10,3.5905133966343534
throughput_mMTC_mbps,A_hard_static,11,3.58088961110187
throughput_mMTC_mbps,A_hard_static,12,3.596128760047345
throughput_mMTC_mbps,A_hard_static,13,3.590164427366668
throughput_mMTC_mbps,A_hard_static,14,3.58991543520024
throughput_mMTC_mbps,A_hard_static,15,3.5766014953745104
throughput_mMTC_mbps,A_hard_static,16,3.5705089558620933
throughput_mMTC_mbps,A_hard_static,17,3.562652106096391
throughput_mMTC_mbps,A_hard_static,18,3.578546098009452
throughput_mMTC_mbps,A_hard_static,19,3.5712405127282585
throughput_mMTC_mbps,A_hard_static,20,3.5821229277617572
throughput_mMTC_mbps,A_hard_static,21,3.587293369321415
throughput_mMTC_mbps,A_hard_static,22,3.5733535767437536
throughput_mMTC_mbps,A_hard_static,23,3.585152857891222
throughput_mMTC_mbps,A_hard_static,24,3.5758297434048716
throughput_mMTC_mbps,A_hard_static,25,3.596071058619477
throughput_mMTC_mbps,A_hard_static,26,3.5747762137890837
throughput_mMTC_mbps,A_hard_static,27,3.580369133755077
throughput_mMTC_mbps,A_hard_static,28,3.5786488713798397
throughput_mMTC_mbps,A_hard_static,29,3.58343932577853
throughput_mMTC_mbps,B_soft_pool,0,3.5896664592375442
throughput_mMTC_mbps,B_soft_pool,1,3.567895769305405
throughput_mMTC_mbps,B_soft_pool,2,3.5950894109360934
throughput_mMTC_mbps,B_soft_pool,3,3.5849907717183807
throughput_mMTC_mbps,B_soft_pool,4,3.5937137608296488
throughput_mMTC_mbps,B_soft_pool,5,3.570183023192423
throughput_mMTC_mbps,B_soft_pool,6,3.581838418930336
throughput_mMTC_mbps,B_soft_pool,7,3.5817267871916765
throughput_mMTC_mbps,B_soft_pool,8,3.581264746662621
throughput_mMTC_mbps,B_soft_pool,9,3.5783013393632093
throughput_mMTC_mbps,B_soft_pool,10,3.5905133966343614
throughput_mMTC_mbps,B_soft_pool,11,3.5808896111018633
throughput_mMTC_mbps,B_soft_pool,12,3.596128760047363
throughput_mMTC_mbps,B_soft_pool,13,3.5901644273666875
throughput_mMTC_mbps,B_soft_pool,14,3.589915435200228
throughput_mMTC_mbps,B_soft_pool,15,3.576601495374528
throughput_mMTC_mbps,B_soft_pool,16,3.5705089558621
throughput_mMTC_mbps,B_soft_pool,17,3.562652106096387
throughput_mMTC_mbps,B_soft_pool,18,3.578546098009437
throughput_mMTC_mbps,B_soft_pool,19,3.571240512728257
throughput_mMTC_mbps,B_soft_pool,20,3.582122927761768
throughput_mMTC_mbps,B_soft_pool,21,3.587293369321401
throughput_mMTC_mbps,B_soft_pool,22,3.573353576743746
throughput_mMTC_mbps,B_soft_pool,23,3.5851528578912144
throughput_mMTC_mbps,B_soft_pool,24,3.575829743404876
throughput_mMTC_mbps,B_soft_pool,25,3.59607105861947
throughput_mMTC_mbps,B_soft_pool,26,3.5747762137890846
throughput_mMTC_mbps,B_soft_pool,27,3.5803691337550605
throughput_mMTC_mbps,B_soft_pool,28,3.5786488713798286
throughput_mMTC_mbps,B_soft_pool,29,3.583439325778506
throughput_mMTC_mbps,C_no_medium,0,3.589666459237608
throughput_mMTC_mbps,C_no_medium,1,3.5678957693054167
throughput_mMTC_mbps,C_no_medium,2,3.595089410936095
throughput_mMTC_mbps,C_no_medium,3,3.5849907717183784
throughput_mMTC_mbps,C_no_medium,4,3.5937137608296843
throughput_mMTC_mbps,C_no_medium,5,3.5701830231924445
throughput_mMTC_mbps,C_no_medium,6,3.5818384189303236
throughput_mMTC_mbps,C_no_medium,7,3.581726787191671
throughput_mMTC_mbps,C_no_medium,8,3.581264746662622
throughput_mMTC_mbps,C_no_medium,9,3.5783013393632195
throughput_mMTC_mbps,C_no_medium,10,3.5905133966343628
throughput_mMTC_mbps,C_no_medium,11,3.5808896111018713
throughput_mMTC_mbps,C_no_medium,12,3.596128760047337
throughput_mMTC_mbps,C_no_medium,13,3.590164427366663
throughput_mMTC_mbps,C_no_medium,14,3.5899154352002336
throughput_mMTC_mbps,C_no_medium,15,3.576601495374493
throughput_mMTC_mbps,C_no_medium,16,3.5705089558621035
throughput_mMTC_mbps,C_no_medium,17,3.5626521060963987
throughput_mMTC_mbps,C_no_medium,18,3.578546098009438
throughput_mMTC_mbps,C_no_medium,19,3.5712405127282603
throughput_mMTC_mbps,C_no_medium,20,3.58212292776172
throughput_mMTC_mbps,C_no_medium,21,3.587293369321399
throughput_mMTC_mbps,C_no_medium,22,3.573353576743743
throughput_mMTC_mbps,C_no_medium,23,3.585152857891221
throughput_mMTC_mbps,C_no_medium,24,3.5758297434048587
throughput_mMTC_mbps,C_no_medium,25,3.5960710586194886
throughput_mMTC_mbps,C_no_medium,26,3.5747762137890984
throughput_mMTC_mbps,C_no_medium,27,3.5803691337550654
throughput_mMTC_mbps,C_no_medium,28,3.578648871379864
throughput_mMTC_mbps,C_no_medium,29,3.583439325778554
throughput_mMTC_mbps,D_no_slow,0,3.58690954206724
throughput_mMTC_mbps,D_no_slow,1,3.5712776233397427
throughput_mMTC_mbps,D_no_slow,2,3.575865091808373
throughput_mMTC_mbps,D_no_slow,3,3.5821390197111085
throughput_mMTC_mbps,D_no_slow,4,3.588550457932832
throughput_mMTC_mbps,D_no_slow,5,3.5688217155145963
throughput_mMTC_mbps,D_no_slow,6,3.584626674547241
throughput_mMTC_mbps,D_no_slow,7,3.5812380086857507
throughput_mMTC_mbps,D_no_slow,8,3.5732384128112518
throughput_mMTC_mbps,D_no_slow,9,3.5781648739388032
throughput_mMTC_mbps,D_no_slow,10,3.589503318251248
throughput_mMTC_mbps,D_no_slow,11,3.5806421350986564
throughput_mMTC_mbps,D_no_slow,12,3.5959586237967307
throughput_mMTC_mbps,D_no_slow,13,3.588629290500018
throughput_mMTC_mbps,D_no_slow,14,3.588520126239547
throughput_mMTC_mbps,D_no_slow,15,3.5832777486773186
throughput_mMTC_mbps,D_no_slow,16,3.57266153570695
throughput_mMTC_mbps,D_no_slow,17,3.5697478750272946
throughput_mMTC_mbps,D_no_slow,18,3.583052265388822
throughput_mMTC_mbps,D_no_slow,19,3.5746954569807223
throughput_mMTC_mbps,D_no_slow,20,3.581942547254778
throughput_mMTC_mbps,D_no_slow,21,3.5860914596270184
throughput_mMTC_mbps,D_no_slow,22,3.5724438945007098
throughput_mMTC_mbps,D_no_slow,23,3.5832239778939305
throughput_mMTC_mbps,D_no_slow,24,3.575053849700588
throughput_mMTC_mbps,D_no_slow,25,3.5979702124694617
throughput_mMTC_mbps,D_no_slow,26,3.5741477244346664
throughput_mMTC_mbps,D_no_slow,27,3.589803210062871
throughput_mMTC_mbps,D_no_slow,28,3.5781317567961244
throughput_mMTC_mbps,D_no_slow,29,3.5852133800120853
throughput_mMTC_mbps,E_full_umro,0,3.589666459237545
throughput_mMTC_mbps,E_full_umro,1,3.567895769305411
throughput_mMTC_mbps,E_full_umro,2,3.595089410936127
throughput_mMTC_mbps,E_full_umro,3,3.583424997456302
throughput_mMTC_mbps,E_full_umro,4,3.5912658246479685
throughput_mMTC_mbps,E_full_umro,5,3.5701830231924223
throughput_mMTC_mbps,E_full_umro,6,3.581838418930335
throughput_mMTC_mbps,E_full_umro,7,3.5810008998712983
throughput_mMTC_mbps,E_full_umro,8,3.5812647466626237
throughput_mMTC_mbps,E_full_umro,9,3.572429590595972
throughput_mMTC_mbps,E_full_umro,10,3.5905133966343463
throughput_mMTC_mbps,E_full_umro,11,3.580889611101871
throughput_mMTC_mbps,E_full_umro,12,3.596128760047344
throughput_mMTC_mbps,E_full_umro,13,3.5901644273666697
throughput_mMTC_mbps,E_full_umro,14,3.5899154352002376
throughput_mMTC_mbps,E_full_umro,15,3.576601495374516
throughput_mMTC_mbps,E_full_umro,16,3.5727560431219287
throughput_mMTC_mbps,E_full_umro,17,3.562652106096387
throughput_mMTC_mbps,E_full_umro,18,3.5785460980094514
throughput_mMTC_mbps,E_full_umro,19,3.5779692046735936
throughput_mMTC_mbps,E_full_umro,20,3.5821229277617554
throughput_mMTC_mbps,E_full_umro,21,3.587293369321412
throughput_mMTC_mbps,E_full_umro,22,3.5733535767437594
throughput_mMTC_mbps,E_full_umro,23,3.5851528578912193
throughput_mMTC_mbps,E_full_umro,24,3.575829743404872
throughput_mMTC_mbps,E_full_umro,25,3.5960710586194833
throughput_mMTC_mbps,E_full_umro,26,3.5747762137890806
throughput_mMTC_mbps,E_full_umro,27,3.58036913375508
throughput_mMTC_mbps,E_full_umro,28,3.5786488713798446
throughput_mMTC_mbps,E_full_umro,29,3.583439325778531
mean_hol_delay_mMTC_ms,A_hard_static,0,0.00011666666666666667
mean_hol_delay_mMTC_ms,A_hard_static,1,0.0001
mean_hol_delay_mMTC_ms,A_hard_static,2,0.0001375
mean_hol_delay_mMTC_ms,A_hard_static,3,0.0001
mean_hol_delay_mMTC_ms,A_hard_static,4,0.000175
mean_hol_delay_mMTC_ms,A_hard_static,5,0.00016666666666666666
mean_hol_delay_mMTC_ms,A_hard_static,6,0.0001375
mean_hol_delay_mMTC_ms,A_hard_static,7,0.00014166666666666668
mean_hol_delay_mMTC_ms,A_hard_static,8,3.75e-05
mean_hol_delay_mMTC_ms,A_hard_static,9,8.333333333333333e-05
mean_hol_delay_mMTC_ms,A_hard_static,10,5e-05
mean_hol_delay_mMTC_ms,A_hard_static,11,5.4166666666666664e-05
mean_hol_delay_mMTC_ms,A_hard_static,12,0.00022083333333333333
mean_hol_delay_mMTC_ms,A_hard_static,13,7.5e-05
mean_hol_delay_mMTC_ms,A_hard_static,14,0.0002
mean_hol_delay_mMTC_ms,A_hard_static,15,0.0003333333333333333
mean_hol_delay_mMTC_ms,A_hard_static,16,0.00010416666666666667
mean_hol_delay_mMTC_ms,A_hard_static,17,0.00013333333333333334
mean_hol_delay_mMTC_ms,A_hard_static,18,5.833333333333333e-05
mean_hol_delay_mMTC_ms,A_hard_static,19,5.4166666666666664e-05
mean_hol_delay_mMTC_ms,A_hard_static,20,4.1666666666666665e-05
mean_hol_delay_mMTC_ms,A_hard_static,21,0.00016666666666666666
mean_hol_delay_mMTC_ms,A_hard_static,22,3.3333333333333335e-05
mean_hol_delay_mMTC_ms,A_hard_static,23,0.0002708333333333333
mean_hol_delay_mMTC_ms,A_hard_static,24,0.00025
mean_hol_delay_mMTC_ms,A_hard_static,25,0.000275
mean_hol_delay_mMTC_ms,A_hard_static,26,7.083333333333334e-05
mean_hol_delay_mMTC_ms,A_hard_static,27,3.75e-05
mean_hol_delay_mMTC_ms,A_hard_static,28,0.000275
mean_hol_delay_mMTC_ms,A_hard_static,29,8.333333333333334e-06
mean_hol_delay_mMTC_ms,B_soft_pool,0,0.00025833333333333334
mean_hol_delay_mMTC_ms,B_soft_pool,1,0.00014166666666666668
mean_hol_delay_mMTC_ms,B_soft_pool,2,0.0002125
mean_hol_delay_mMTC_ms,B_soft_pool,3,0.0001375
mean_hol_delay_mMTC_ms,B_soft_pool,4,0.0002708333333333333
mean_hol_delay_mMTC_ms,B_soft_pool,5,0.00025833333333333334
mean_hol_delay_mMTC_ms,B_soft_pool,6,0.00025
mean_hol_delay_mMTC_ms,B_soft_pool,7,0.0002
mean_hol_delay_mMTC_ms,B_soft_pool,8,8.75e-05
mean_hol_delay_mMTC_ms,B_soft_pool,9,0.000175
mean_hol_delay_mMTC_ms,B_soft_pool,10,0.0001125
mean_hol_delay_mMTC_ms,B_soft_pool,11,0.00016666666666666666
mean_hol_delay_mMTC_ms,B_soft_pool,12,0.00027916666666666666
mean_hol_delay_mMTC_ms,B_soft_pool,13,0.00015833333333333332
mean_hol_delay_mMTC_ms,B_soft_pool,14,0.0003083333333333333
mean_hol_delay_mMTC_ms,B_soft_pool,15,0.0004166666666666667
mean_hol_delay_mMTC_ms,B_soft_pool,16,0.0002
mean_hol_delay_mMTC_ms,B_soft_pool,17,0.00031666666666666665
mean_hol_delay_mMTC_ms,B_soft_pool,18,0.00010416666666666667
mean_hol_delay_mMTC_ms,B_soft_pool,19,0.00011666666666666667
mean_hol_delay_mMTC_ms,B_soft_pool,20,9.166666666666667e-05
mean_hol_delay_mMTC_ms,B_soft_pool,21,0.00029583333333333333
mean_hol_delay_mMTC_ms,B_soft_pool,22,9.166666666666667e-05
mean_hol_delay_mMTC_ms,B_soft_pool,23,0.000375
mean_hol_delay_mMTC_ms,B_soft_pool,24,0.0003291666666666667
mean_hol_delay_mMTC_ms,B_soft_pool,25,0.0003958333333333333
mean_hol_delay_mMTC_ms,B_soft_pool,26,0.00015416666666666666
mean_hol_delay_mMTC_ms,B_soft_pool,27,0.00013333333333333334
mean_hol_delay_mMTC_ms,B_soft_pool,28,0.0003708333333333333
mean_hol_delay_mMTC_ms,B_soft_pool,29,0.00012083333333333333
mean_hol_delay_mMTC_ms,C_no_medium,0,0.004545833333333333
mean_hol_delay_mMTC_ms,C_no_medium,1,0.0037125
mean_hol_delay_mMTC_ms,C_no_medium,2,0.0042541666666666665
mean_hol_delay_mMTC_ms,C_no_medium,3,0.003625
mean_hol_delay_mMTC_ms,C_no_medium,4,0.0049375
mean_hol_delay_mMTC_ms,C_no_medium,5,0.0040625
mean_hol_delay_mMTC_ms,C_no_medium,6,0.0042833333333333334
mean_hol_delay_mMTC_ms,C_no_medium,7,0.0046375
mean_hol_delay_mMTC_ms,C_no_medium,8,0.0036041666666666665
mean_hol_delay_mMTC_ms,C_no_medium,9,0.004145833333333333
mean_hol_delay_mMTC_ms,C_no_medium,10,0.004475
mean_hol_delay_mMTC_ms,C_no_medium,11,0.0038458333333333335
mean_hol_delay_mMTC_ms,C_no_medium,12,0.004591666666666667
mean_hol_delay_mMTC_ms,C_no_medium,13,0.003958333333333334
mean_hol_delay_mMTC_ms,C_no_medium,14,0.004083333333333333
mean_hol_delay_mMTC_ms,C_no_medium,15,0.004995833333333333
mean_hol_delay_mMTC_ms,C_no_medium,16,0.003841666666666667
mean_hol_delay_mMTC_ms,C_no_medium,17,0.0036583333333333333
mean_hol_delay_mMTC_ms,C_no_medium,18,0.004225
mean_hol_delay_mMTC_ms,C_no_medium,19,0.003925
mean_hol_delay_mMTC_ms,C_no_medium,20,0.0037458333333333332
mean_hol_delay_mMTC_ms,C_no_medium,21,0.004675
mean_hol_delay_mMTC_ms,C_no_medium,22,0.003325
mean_hol_delay_mMTC_ms,C_no_medium,23,0.0040375
mean_hol_delay_mMTC_ms,C_no_medium,24,0.004116666666666667
mean_hol_delay_mMTC_ms,C_no_medium,25,0.004154166666666666
mean_hol_delay_mMTC_ms,C_no_medium,26,0.00405
mean_hol_delay_mMTC_ms,C_no_medium,27,0.004508333333333333
mean_hol_delay_mMTC_ms,C_no_medium,28,0.004291666666666667
mean_hol_delay_mMTC_ms,C_no_medium,29,0.004116666666666667
mean_hol_delay_mMTC_ms,D_no_slow,0,0.00012916666666666667
mean_hol_delay_mMTC_ms,D_no_slow,1,0.0001125
mean_hol_delay_mMTC_ms,D_no_slow,2,0.000125
mean_hol_delay_mMTC_ms,D_no_slow,3,0.00010833333333333333
mean_hol_delay_mMTC_ms,D_no_slow,4,0.00015416666666666666
mean_hol_delay_mMTC_ms,D_no_slow,5,0.0001625
mean_hol_delay_mMTC_ms,D_no_slow,6,0.00014583333333333335
mean_hol_delay_mMTC_ms,D_no_slow,7,0.00014166666666666668
mean_hol_delay_mMTC_ms,D_no_slow,8,5.4166666666666664e-05
mean_hol_delay_mMTC_ms,D_no_slow,9,8.75e-05
mean_hol_delay_mMTC_ms,D_no_slow,10,7.916666666666666e-05
mean_hol_delay_mMTC_ms,D_no_slow,11,7.083333333333334e-05
mean_hol_delay_mMTC_ms,D_no_slow,12,0.00021666666666666666
mean_hol_delay_mMTC_ms,D_no_slow,13,1.6666666666666667e-05
mean_hol_delay_mMTC_ms,D_no_slow,14,0.00025416666666666665
mean_hol_delay_mMTC_ms,D_no_slow,15,0.00031666666666666665
mean_hol_delay_mMTC_ms,D_no_slow,16,0.0001125
mean_hol_delay_mMTC_ms,D_no_slow,17,0.00017916666666666667
mean_hol_delay_mMTC_ms,D_no_slow,18,9.166666666666667e-05
mean_hol_delay_mMTC_ms,D_no_slow,19,1.25e-05
mean_hol_delay_mMTC_ms,D_no_slow,20,2.5e-05
mean_hol_delay_mMTC_ms,D_no_slow,21,0.00015416666666666666
mean_hol_delay_mMTC_ms,D_no_slow,22,4.5833333333333334e-05
mean_hol_delay_mMTC_ms,D_no_slow,23,0.00025833333333333334
mean_hol_delay_mMTC_ms,D_no_slow,24,0.0002458333333333333
mean_hol_delay_mMTC_ms,D_no_slow,25,0.00027916666666666666
mean_hol_delay_mMTC_ms,D_no_slow,26,6.25e-05
mean_hol_delay_mMTC_ms,D_no_slow,27,9.583333333333334e-05
mean_hol_delay_mMTC_ms,D_no_slow,28,0.00027916666666666666
mean_hol_delay_mMTC_ms,D_no_slow,29,8.333333333333334e-06
mean_hol_delay_mMTC_ms,E_full_umro,0,0.00012916666666666667
mean_hol_delay_mMTC_ms,E_full_umro,1,0.0001125
mean_hol_delay_mMTC_ms,E_full_umro,2,0.00014166666666666668
mean_hol_delay_mMTC_ms,E_full_umro,3,0.0001
mean_hol_delay_mMTC_ms,E_full_umro,4,0.0001625
mean_hol_delay_mMTC_ms,E_full_umro,5,0.00017916666666666667
mean_hol_delay_mMTC_ms,E_full_umro,6,0.00015416666666666666
mean_hol_delay_mMTC_ms,E_full_umro,7,0.00014583333333333335
mean_hol_delay_mMTC_ms,E_full_umro,8,4.1666666666666665e-05
mean_hol_delay_mMTC_ms,E_full_umro,9,0.00011666666666666667
mean_hol_delay_mMTC_ms,E_full_umro,10,5e-05
mean_hol_delay_mMTC_ms,E_full_umro,11,5.833333333333333e-05
mean_hol_delay_mMTC_ms,E_full_umro,12,0.000225
mean_hol_delay_mMTC_ms,E_full_umro,13,8.333333333333333e-05
mean_hol_delay_mMTC_ms,E_full_umro,14,0.00021666666666666666
mean_hol_delay_mMTC_ms,E_full_umro,15,0.00035
mean_hol_delay_mMTC_ms,E_full_umro,16,0.00012083333333333333
mean_hol_delay_mMTC_ms,E_full_umro,17,0.00015833333333333332
mean_hol_delay_mMTC_ms,E_full_umro,18,5.833333333333333e-05
mean_hol_delay_mMTC_ms,E_full_umro,19,2.0833333333333333e-05
mean_hol_delay_mMTC_ms,E_full_umro,20,5.4166666666666664e-05
mean_hol_delay_mMTC_ms,E_full_umro,21,0.000175
mean_hol_delay_mMTC_ms,E_full_umro,22,4.5833333333333334e-05
mean_hol_delay_mMTC_ms,E_full_umro,23,0.000275
mean_hol_delay_mMTC_ms,E_full_umro,24,0.00025833333333333334
mean_hol_delay_mMTC_ms,E_full_umro,25,0.0003
mean_hol_delay_mMTC_ms,E_full_umro,26,7.916666666666666e-05
mean_hol_delay_mMTC_ms,E_full_umro,27,3.75e-05
mean_hol_delay_mMTC_ms,E_full_umro,28,0.00027916666666666666
mean_hol_delay_mMTC_ms,E_full_umro,29,1.25e-05
sla_satisfaction_mMTC,A_hard_static,0,0.855
sla_satisfaction_mMTC,A_hard_static,1,0.805
sla_satisfaction_mMTC,A_hard_static,2,0.8583333333333333
sla_satisfaction_mMTC,A_hard_static,3,0.8333333333333334
sla_satisfaction_mMTC,A_hard_static,4,0.8283333333333334
sla_satisfaction_mMTC,A_hard_static,5,0.8316666666666667
sla_satisfaction_mMTC,A_hard_static,6,0.8383333333333334
sla_satisfaction_mMTC,A_hard_static,7,0.845
sla_satisfaction_mMTC,A_hard_static,8,0.8233333333333334
sla_satisfaction_mMTC,A_hard_static,9,0.8283333333333334
sla_satisfaction_mMTC,A_hard_static,10,0.855
sla_satisfaction_mMTC,A_hard_static,11,0.8333333333333334
sla_satisfaction_mMTC,A_hard_static,12,0.8633333333333333
sla_satisfaction_mMTC,A_hard_static,13,0.855
sla_satisfaction_mMTC,A_hard_static,14,0.8416666666666667
sla_satisfaction_mMTC,A_hard_static,15,0.8383333333333334
sla_satisfaction_mMTC,A_hard_static,16,0.8233333333333334
sla_satisfaction_mMTC,A_hard_static,17,0.8566666666666667
sla_satisfaction_mMTC,A_hard_static,18,0.8516666666666667
sla_satisfaction_mMTC,A_hard_static,19,0.8316666666666667
sla_satisfaction_mMTC,A_hard_static,20,0.8633333333333333
sla_satisfaction_mMTC,A_hard_static,21,0.8333333333333334
sla_satisfaction_mMTC,A_hard_static,22,0.8383333333333334
sla_satisfaction_mMTC,A_hard_static,23,0.835
sla_satisfaction_mMTC,A_hard_static,24,0.83
sla_satisfaction_mMTC,A_hard_static,25,0.8466666666666667
sla_satisfaction_mMTC,A_hard_static,26,0.825
sla_satisfaction_mMTC,A_hard_static,27,0.8266666666666667
sla_satisfaction_mMTC,A_hard_static,28,0.835
sla_satisfaction_mMTC,A_hard_static,29,0.8283333333333334
sla_satisfaction_mMTC,B_soft_pool,0,0.855
sla_satisfaction_mMTC,B_soft_pool,1,0.8066666666666666
sla_satisfaction_mMTC,B_soft_pool,2,0.8583333333333333
sla_satisfaction_mMTC,B_soft_pool,3,0.8333333333333334
sla_satisfaction_mMTC,B_soft_pool,4,0.8283333333333334
sla_satisfaction_mMTC,B_soft_pool,5,0.8316666666666667
sla_satisfaction_mMTC,B_soft_pool,6,0.8383333333333334
sla_satisfaction_mMTC,B_soft_pool,7,0.845
sla_satisfaction_mMTC,B_soft_pool,8,0.8233333333333334
sla_satisfaction_mMTC,B_soft_pool,9,0.8283333333333334
sla_satisfaction_mMTC,B_soft_pool,10,0.8533333333333334
sla_satisfaction_mMTC,B_soft_pool,11,0.8333333333333334
sla_satisfaction_mMTC,B_soft_pool,12,0.8633333333333333
sla_satisfaction_mMTC,B_soft_pool,13,0.855
sla_satisfaction_mMTC,B_soft_pool,14,0.8416666666666667
sla_satisfaction_mMTC,B_soft_pool,15,0.8366666666666667
sla_satisfaction_mMTC,B_soft_pool,16,0.8233333333333334
sla_satisfaction_mMTC,B_soft_pool,17,0.855
sla_satisfaction_mMTC,B_soft_pool,18,0.8516666666666667
sla_satisfaction_mMTC,B_soft_pool,19,0.83
sla_satisfaction_mMTC,B_soft_pool,20,0.8633333333333333
sla_satisfaction_mMTC,B_soft_pool,21,0.8333333333333334
sla_satisfaction_mMTC,B_soft_pool,22,0.8383333333333334
sla_satisfaction_mMTC,B_soft_pool,23,0.835
sla_satisfaction_mMTC,B_soft_pool,24,0.83
sla_satisfaction_mMTC,B_soft_pool,25,0.8466666666666667
sla_satisfaction_mMTC,B_soft_pool,26,0.825
sla_satisfaction_mMTC,B_soft_pool,27,0.8266666666666667
sla_satisfaction_mMTC,B_soft_pool,28,0.835
sla_satisfaction_mMTC,B_soft_pool,29,0.8283333333333334
sla_satisfaction_mMTC,C_no_medium,0,0.8533333333333334
sla_satisfaction_mMTC,C_no_medium,1,0.805
sla_satisfaction_mMTC,C_no_medium,2,0.86
sla_satisfaction_mMTC,C_no_medium,3,0.835
sla_satisfaction_mMTC,C_no_medium,4,0.83
sla_satisfaction_mMTC,C_no_medium,5,0.8333333333333334
sla_satisfaction_mMTC,C_no_medium,6,0.8366666666666667
sla_satisfaction_mMTC,C_no_medium,7,0.845
sla_satisfaction_mMTC,C_no_medium,8,0.8233333333333334
sla_satisfaction_mMTC,C_no_medium,9,0.8283333333333334
sla_satisfaction_mMTC,C_no_medium,10,0.8566666666666667
sla_satisfaction_mMTC,C_no_medium,11,0.8333333333333334
sla_satisfaction_mMTC,C_no_medium,12,0.8633333333333333
sla_satisfaction_mMTC,C_no_medium,13,0.8533333333333334
sla_satisfaction_mMTC,C_no_medium,14,0.84
sla_satisfaction_mMTC,C_no_medium,15,0.8366666666666667
sla_satisfaction_mMTC,C_no_medium,16,0.8233333333333334
sla_satisfaction_mMTC,C_no_medium,17,0.8566666666666667
sla_satisfaction_mMTC,C_no_medium,18,0.8516666666666667
sla_satisfaction_mMTC,C_no_medium,19,0.8316666666666667
sla_satisfaction_mMTC,C_no_medium,20,0.8616666666666667
sla_satisfaction_mMTC,C_no_medium,21,0.835
sla_satisfaction_mMTC,C_no_medium,22,0.8366666666666667
sla_satisfaction_mMTC,C_no_medium,23,0.8366666666666667
sla_satisfaction_mMTC,C_no_medium,24,0.83
sla_satisfaction_mMTC,C_no_medium,25,0.8466666666666667
sla_satisfaction_mMTC,C_no_medium,26,0.8266666666666667
sla_satisfaction_mMTC,C_no_medium,27,0.8266666666666667
sla_satisfaction_mMTC,C_no_medium,28,0.8366666666666667
sla_satisfaction_mMTC,C_no_medium,29,0.8283333333333334
sla_satisfaction_mMTC,D_no_slow,0,0.8616666666666667
sla_satisfaction_mMTC,D_no_slow,1,0.8
sla_satisfaction_mMTC,D_no_slow,2,0.8433333333333334
sla_satisfaction_mMTC,D_no_slow,3,0.8333333333333334
sla_satisfaction_mMTC,D_no_slow,4,0.8366666666666667
sla_satisfaction_mMTC,D_no_slow,5,0.825
sla_satisfaction_mMTC,D_no_slow,6,0.8433333333333334
sla_satisfaction_mMTC,D_no_slow,7,0.8416666666666667
sla_satisfaction_mMTC,D_no_slow,8,0.825
sla_satisfaction_mMTC,D_no_slow,9,0.8266666666666667
sla_satisfaction_mMTC,D_no_slow,10,0.8533333333333334
sla_satisfaction_mMTC,D_no_slow,11,0.84
sla_satisfaction_mMTC,D_no_slow,12,0.8616666666666667
sla_satisfaction_mMTC,D_no_slow,13,0.8633333333333333
sla_satisfaction_mMTC,D_no_slow,14,0.84
sla_satisfaction_mMTC,D_no_slow,15,0.8433333333333334
sla_satisfaction_mMTC,D_no_slow,16,0.8283333333333334
sla_satisfaction_mMTC,D_no_slow,17,0.8483333333333334
sla_satisfaction_mMTC,D_no_slow,18,0.8583333333333333
sla_satisfaction_mMTC,D_no_slow,19,0.83
sla_satisfaction_mMTC,D_no_slow,20,0.88
sla_satisfaction_mMTC,D_no_slow,21,0.8283333333333334
sla_satisfaction_mMTC,D_no_slow,22,0.8333333333333334
sla_satisfaction_mMTC,D_no_slow,23,0.845
sla_satisfaction_mMTC,D_no_slow,24,0.83
sla_satisfaction_mMTC,D_no_slow,25,0.85
sla_satisfaction_mMTC,D_no_slow,26,0.8216666666666667
sla_satisfaction_mMTC,D_no_slow,27,0.8416666666666667
sla_satisfaction_mMTC,D_no_slow,28,0.8316666666666667
sla_satisfaction_mMTC,D_no_slow,29,0.8283333333333334
sla_satisfaction_mMTC,E_full_umro,0,0.855
sla_satisfaction_mMTC,E_full_umro,1,0.805
sla_satisfaction_mMTC,E_full_umro,2,0.8583333333333333
sla_satisfaction_mMTC,E_full_umro,3,0.84
sla_satisfaction_mMTC,E_full_umro,4,0.8383333333333334
sla_satisfaction_mMTC,E_full_umro,5,0.8316666666666667
sla_satisfaction_mMTC,E_full_umro,6,0.8383333333333334
sla_satisfaction_mMTC,E_full_umro,7,0.835
sla_satisfaction_mMTC,E_full_umro,8,0.8233333333333334
sla_satisfaction_mMTC,E_full_umro,9,0.815
sla_satisfaction_mMTC,E_full_umro,10,0.855
sla_satisfaction_mMTC,E_full_umro,11,0.8333333333333334
sla_satisfaction_mMTC,E_full_umro,12,0.8633333333333333
sla_satisfaction_mMTC,E_full_umro,13,0.855
sla_satisfaction_mMTC,E_full_umro,14,0.8416666666666667
sla_satisfaction_mMTC,E_full_umro,15,0.8383333333333334
sla_satisfaction_mMTC,E_full_umro,16,0.8283333333333334
sla_satisfaction_mMTC,E_full_umro,17,0.8566666666666667
sla_satisfaction_mMTC,E_full_umro,18,0.8516666666666667
sla_satisfaction_mMTC,E_full_umro,19,0.8316666666666667
sla_satisfaction_mMTC,E_full_umro,20,0.8633333333333333
sla_satisfaction_mMTC,E_full_umro,21,0.8333333333333334
sla_satisfaction_mMTC,E_full_umro,22,0.8383333333333334
sla_satisfaction_mMTC,E_full_umro,23,0.835
sla_satisfaction_mMTC,E_full_umro,24,0.83
sla_satisfaction_mMTC,E_full_umro,25,0.8466666666666667
sla_satisfaction_mMTC,E_full_umro,26,0.825
sla_satisfaction_mMTC,E_full_umro,27,0.8266666666666667
sla_satisfaction_mMTC,E_full_umro,28,0.835
sla_satisfaction_mMTC,E_full_umro,29,0.8283333333333334
mean_sfc_latency_mMTC_ms,A_hard_static,0,0.9803921568640804
mean_sfc_latency_mMTC_ms,A_hard_static,1,0.9803921568640804
mean_sfc_latency_mMTC_ms,A_hard_static,2,0.9803921568640804
mean_sfc_latency_mMTC_ms,A_hard_static,3,0.9803921568640804
mean_sfc_latency_mMTC_ms,A_hard_static,4,0.9803921568640804
mean_sfc_latency_mMTC_ms,A_hard_static,5,0.9803921568640804
mean_sfc_latency_mMTC_ms,A_hard_static,6,0.9803921568640804
mean_sfc_latency_mMTC_ms,A_hard_static,7,0.9803921568640804
mean_sfc_latency_mMTC_ms,A_hard_static,8,0.9803921568640804
mean_sfc_latency_mMTC_ms,A_hard_static,9,0.9803921568640804
mean_sfc_latency_mMTC_ms,A_hard_static,10,0.9803921568640804
mean_sfc_latency_mMTC_ms,A_hard_static,11,0.9803921568640804
mean_sfc_latency_mMTC_ms,A_hard_static,12,0.9803921568640804
mean_sfc_latency_mMTC_ms,A_hard_static,13,0.9803921568640804
mean_sfc_latency_mMTC_ms,A_hard_static,14,0.9803921568640804
mean_sfc_latency_mMTC_ms,A_hard_static,15,0.9803921568640804
mean_sfc_latency_mMTC_ms,A_hard_static,16,0.9803921568640804
mean_sfc_latency_mMTC_ms,A_hard_static,17,0.9803921568640804
mean_sfc_latency_mMTC_ms,A_hard_static,18,0.9803921568640804
mean_sfc_latency_mMTC_ms,A_hard_static,19,0.9803921568640804
mean_sfc_latency_mMTC_ms,A_hard_static,20,0.9803921568640804
mean_sfc_latency_mMTC_ms,A_hard_static,21,0.9803921568640804
mean_sfc_latency_mMTC_ms,A_hard_static,22,0.9803921568640804
mean_sfc_latency_mMTC_ms,A_hard_static,23,0.9803921568640804
mean_sfc_latency_mMTC_ms,A_hard_static,24,0.9803921568640804
mean_sfc_latency_mMTC_ms,A_hard_static,25,0.9803921568640804
mean_sfc_latency_mMTC_ms,A_hard_static,26,0.9803921568640804
mean_sfc_latency_mMTC_ms,A_hard_static,27,0.9803921568640804
mean_sfc_latency_mMTC_ms,A_hard_static,28,0.9803921568640804
mean_sfc_latency_mMTC_ms,A_hard_static,29,0.9803921568640804
mean_sfc_latency_mMTC_ms,B_soft_pool,0,0.9803921568640804
mean_sfc_latency_mMTC_ms,B_soft_pool,1,0.9803921568640804
mean_sfc_latency_mMTC_ms,B_soft_pool,2,0.9803921568640804
mean_sfc_latency_mMTC_ms,B_soft_pool,3,0.9803921568640804
mean_sfc_latency_mMTC_ms,B_soft_pool,4,0.9803921568640804
mean_sfc_latency_mMTC_ms,B_soft_pool,5,0.9803921568640804
mean_sfc_latency_mMTC_ms,B_soft_pool,6,0.9803921568640804
mean_sfc_latency_mMTC_ms,B_soft_pool,7,0.9803921568640804
mean_sfc_latency_mMTC_ms,B_soft_pool,8,0.9803921568640804
mean_sfc_latency_mMTC_ms,B_soft_pool,9,0.9803921568640804
mean_sfc_latency_mMTC_ms,B_soft_pool,10,0.9803921568640804
mean_sfc_latency_mMTC_ms,B_soft_pool,11,0.9803921568640804
mean_sfc_latency_mMTC_ms,B_soft_pool,12,0.9803921568640804
mean_sfc_latency_mMTC_ms,B_soft_pool,13,0.9803921568640804
mean_sfc_latency_mMTC_ms,B_soft_pool,14,0.9803921568640804
mean_sfc_latency_mMTC_ms,B_soft_pool,15,0.9803921568640804
mean_sfc_latency_mMTC_ms,B_soft_pool,16,0.9803921568640804
mean_sfc_latency_mMTC_ms,B_soft_pool,17,0.9803921568640804
mean_sfc_latency_mMTC_ms,B_soft_pool,18,0.9803921568640804
mean_sfc_latency_mMTC_ms,B_soft_pool,19,0.9803921568640804
mean_sfc_latency_mMTC_ms,B_soft_pool,20,0.9803921568640804
mean_sfc_latency_mMTC_ms,B_soft_pool,21,0.9803921568640804
mean_sfc_latency_mMTC_ms,B_soft_pool,22,0.9803921568640804
mean_sfc_latency_mMTC_ms,B_soft_pool,23,0.9803921568640804
mean_sfc_latency_mMTC_ms,B_soft_pool,24,0.9803921568640804
mean_sfc_latency_mMTC_ms,B_soft_pool,25,0.9803921568640804
mean_sfc_latency_mMTC_ms,B_soft_pool,26,0.9803921568640804
mean_sfc_latency_mMTC_ms,B_soft_pool,27,0.9803921568640804
mean_sfc_latency_mMTC_ms,B_soft_pool,28,0.9803921568640804
mean_sfc_latency_mMTC_ms,B_soft_pool,29,0.9803921568640804
mean_sfc_latency_mMTC_ms,C_no_medium,0,1.2890676582152991
mean_sfc_latency_mMTC_ms,C_no_medium,1,1.2890676582152991
mean_sfc_latency_mMTC_ms,C_no_medium,2,1.2890676582152991
mean_sfc_latency_mMTC_ms,C_no_medium,3,1.2890676582152991
mean_sfc_latency_mMTC_ms,C_no_medium,4,1.2890676582152991
mean_sfc_latency_mMTC_ms,C_no_medium,5,1.2890676582152991
mean_sfc_latency_mMTC_ms,C_no_medium,6,1.2890676582152991
mean_sfc_latency_mMTC_ms,C_no_medium,7,1.2890676582152991
mean_sfc_latency_mMTC_ms,C_no_medium,8,1.2890676582152991
mean_sfc_latency_mMTC_ms,C_no_medium,9,1.2890676582152991
mean_sfc_latency_mMTC_ms,C_no_medium,10,1.2890676582152991
mean_sfc_latency_mMTC_ms,C_no_medium,11,1.2890676582152991
mean_sfc_latency_mMTC_ms,C_no_medium,12,1.2890676582152991
mean_sfc_latency_mMTC_ms,C_no_medium,13,1.2890676582152991
mean_sfc_latency_mMTC_ms,C_no_medium,14,1.2890676582152991
mean_sfc_latency_mMTC_ms,C_no_medium,15,1.2890676582152991
mean_sfc_latency_mMTC_ms,C_no_medium,16,1.2890676582152991
mean_sfc_latency_mMTC_ms,C_no_medium,17,1.2890676582152991
mean_sfc_latency_mMTC_ms,C_no_medium,18,1.2890676582152991
mean_sfc_latency_mMTC_ms,C_no_medium,19,1.2890676582152991
mean_sfc_latency_mMTC_ms,C_no_medium,20,1.2890676582152991
mean_sfc_latency_mMTC_ms,C_no_medium,21,1.2890676582152991
mean_sfc_latency_mMTC_ms,C_no_medium,22,1.2890676582152991
mean_sfc_latency_mMTC_ms,C_no_medium,23,1.2890676582152991
mean_sfc_latency_mMTC_ms,C_no_medium,24,1.2890676582152991
mean_sfc_latency_mMTC_ms,C_no_medium,25,1.2890676582152991
mean_sfc_latency_mMTC_ms,C_no_medium,26,1.2890676582152991
mean_sfc_latency_mMTC_ms,C_no_medium,27,1.2890676582152991
mean_sfc_latency_mMTC_ms,C_no_medium,28,1.2890676582152991
mean_sfc_latency_mMTC_ms,C_no_medium,29,1.2890676582152991
mean_sfc_latency_mMTC_ms,D_no_slow,0,0.9803921568640804
mean_sfc_latency_mMTC_ms,D_no_slow,1,0.9803921568640804
mean_sfc_latency_mMTC_ms,D_no_slow,2,0.9803921568640804
mean_sfc_latency_mMTC_ms,D_no_slow,3,0.9803921568640804
mean_sfc_latency_mMTC_ms,D_no_slow,4,0.9803921568640804
mean_sfc_latency_mMTC_ms,D_no_slow,5,0.9803921568640804
mean_sfc_latency_mMTC_ms,D_no_slow,6,0.9803921568640804
mean_sfc_latency_mMTC_ms,D_no_slow,7,0.9803921568640804
mean_sfc_latency_mMTC_ms,D_no_slow,8,0.9803921568640804
mean_sfc_latency_mMTC_ms,D_no_slow,9,0.9803921568640804
mean_sfc_latency_mMTC_ms,D_no_slow,10,0.9803921568640804
mean_sfc_latency_mMTC_ms,D_no_slow,11,0.9803921568640804
mean_sfc_latency_mMTC_ms,D_no_slow,12,0.9803921568640804
mean_sfc_latency_mMTC_ms,D_no_slow,13,0.9803921568640804
mean_sfc_latency_mMTC_ms,D_no_slow,14,0.9803921568640804
mean_sfc_latency_mMTC_ms,D_no_slow,15,0.9803921568640804
mean_sfc_latency_mMTC_ms,D_no_slow,16,0.9803921568640804
mean_sfc_latency_mMTC_ms,D_no_slow,17,0.9803921568640804
mean_sfc_latency_mMTC_ms,D_no_slow,18,0.9803921568640804
mean_sfc_latency_mMTC_ms,D_no_slow,19,0.9803921568640804
mean_sfc_latency_mMTC_ms,D_no_slow,20,0.9803921568640804
mean_sfc_latency_mMTC_ms,D_no_slow,21,0.9803921568640804
mean_sfc_latency_mMTC_ms,D_no_slow,22,0.9803921568640804
mean_sfc_latency_mMTC_ms,D_no_slow,23,0.9803921568640804
mean_sfc_latency_mMTC_ms,D_no_slow,24,0.9803921568640804
mean_sfc_latency_mMTC_ms,D_no_slow,25,0.9803921568640804
mean_sfc_latency_mMTC_ms,D_no_slow,26,0.9803921568640804
mean_sfc_latency_mMTC_ms,D_no_slow,27,0.9803921568640804
mean_sfc_latency_mMTC_ms,D_no_slow,28,0.9803921568640804
mean_sfc_latency_mMTC_ms,D_no_slow,29,0.9803921568640804
mean_sfc_latency_mMTC_ms,E_full_umro,0,1.2890676582152991
mean_sfc_latency_mMTC_ms,E_full_umro,1,1.2890676582152991
mean_sfc_latency_mMTC_ms,E_full_umro,2,1.2890676582152991
mean_sfc_latency_mMTC_ms,E_full_umro,3,1.2890676582152991
mean_sfc_latency_mMTC_ms,E_full_umro,4,1.2890676582152991
mean_sfc_latency_mMTC_ms,E_full_umro,5,1.2890676582152991
mean_sfc_latency_mMTC_ms,E_full_umro,6,1.2890676582152991
mean_sfc_latency_mMTC_ms,E_full_umro,7,1.2890676582152991
mean_sfc_latency_mMTC_ms,E_full_umro,8,1.2890676582152991
mean_sfc_latency_mMTC_ms,E_full_umro,9,1.2890676582152991
mean_sfc_latency_mMTC_ms,E_full_umro,10,1.2890676582152991
mean_sfc_latency_mMTC_ms,E_full_umro,11,1.2890676582152991
mean_sfc_latency_mMTC_ms,E_full_umro,12,1.2890676582152991
mean_sfc_latency_mMTC_ms,E_full_umro,13,1.2890676582152991
mean_sfc_latency_mMTC_ms,E_full_umro,14,1.2890676582152991
mean_sfc_latency_mMTC_ms,E_full_umro,15,1.2890676582152991
mean_sfc_latency_mMTC_ms,E_full_umro,16,1.2890676582152991
mean_sfc_latency_mMTC_ms,E_full_umro,17,1.2890676582152991
mean_sfc_latency_mMTC_ms,E_full_umro,18,1.2890676582152991
mean_sfc_latency_mMTC_ms,E_full_umro,19,1.2890676582152991
mean_sfc_latency_mMTC_ms,E_full_umro,20,1.2890676582152991
mean_sfc_latency_mMTC_ms,E_full_umro,21,1.2890676582152991
mean_sfc_latency_mMTC_ms,E_full_umro,22,1.2890676582152991
mean_sfc_latency_mMTC_ms,E_full_umro,23,1.2890676582152991
mean_sfc_latency_mMTC_ms,E_full_umro,24,1.2890676582152991
mean_sfc_latency_mMTC_ms,E_full_umro,25,1.2890676582152991
mean_sfc_latency_mMTC_ms,E_full_umro,26,1.2890676582152991
mean_sfc_latency_mMTC_ms,E_full_umro,27,1.2890676582152991
mean_sfc_latency_mMTC_ms,E_full_umro,28,1.2890676582152991
mean_sfc_latency_mMTC_ms,E_full_umro,29,1.2890676582152991
